job_link,job_skills
https://uk.linkedin.com/jobs/view/upn-pallet-network-planner-internal-applicants-only-at-kammac-ltd-3801511038,"Pallet Network deliveries, Operations planning, KPI reporting, Spreadsheet management, Databases, Statistical analysis, Forms, Outlook, Data management, Data analysis, Cost saving initiatives, IT skills, Transport operations, Planning, Coordination, Negotiation, Analytical thinking, Digital tachograph information, Health and safety regulations, IOSH Managing safety Level 3 qualification, UK driving license"
https://www.linkedin.com/jobs/view/food-runner-busser-drink-runner-bar-back-guest-services-at-topgolf-3753075039,"Energy, Enthusiasm, Communication skills, Time management, Organization skills, Fastpaced environment, Teamwork, Selfawareness, Receptivity to change, Integrity, Extreme weather conditions, Varied shifts, Standing and walking, Lifting, Stooping and bending, Licenses and certifications"
https://www.linkedin.com/jobs/view/welcome-center-representative-woburn-at-ymca-of-greater-boston-3690899010,"Customer service, Teamwork, Problem solving, Communication, Safety protocols, Membership sales, Program sales, Telephone calls, YMCA policies and procedures, Emergency response, Staff meetings, Multitasking, Fastpaced environment, Listen First skills, Eye contact, Positivity, Welcoming demeanor"
https://www.linkedin.com/jobs/view/audit-seniors-to-managers-at-kforce-inc-3777073276,"Audit, Accounting, CCH Engagement, Excel, Microsoft Outlook, Microsoft Word, Research software, CPA, Budgeting, Communication, Team management, Problem solving, Prioritization, Time management, Bachelor's degree, 48+ years of audit experience"
https://www.linkedin.com/jobs/view/staff-physician-pediatric-rheumatologist-at-norton-healthcare-3771366578,"Pediatric Rheumatology, Clinical Care, Education, Clinical Research, Advocacy, Inpatient Consultations, Pediatric Hospitalists, Pediatric Critical Care Physicians, Pediatric Emergency Medicine Physicians, Pediatric Infectious Diseases, Dermatology, Pulmonology, Radiology, Ophthalmology, Orthopedics, Nephrology, Outpatient Clinical Care, Infusion Services, Pediatric Rheumatology Collaborative Study Group (PRCSG), Childhood Arthritis and Rheumatology Research Alliance, Juvenile Idiopathic Arthritis, Juvenile Dermatomyositis, Pain Working Groups, American Academy of Pediatrics, American College of Rheumatology, Pharmaceutical Research, Clinical Research, Pediatric Clinical Research Unit, Quality Improvement, Scholarly Projects, Teaching Medical Students, Pediatric Residents, Board Certified/Board Eligible in Pediatric Rheumatology, Competitive Salary, Academic Rank, Medical Degree/Diploma, Residency/Fellowship Certification, Kentucky Medical License"
https://www.linkedin.com/jobs/view/race-and-sportsbook-manager-at-caesars-sportsbook-casino-3783817973,"Hiring, Scheduling, Training, Mentoring, Customer service, Leadership, Operational effectiveness, Profitability, Promotion, Betting control guidelines, Compliance, Staff development, Staffing model, Stakeholder management, Internal and external contacts, Positive image promotion, Budget preparation, Performance evaluation, Work authorization, Regulatory licensing, Independent work, Situation assessment, Decision making, Interpersonal communication, Relationship management, Problemsolving, Prioritization, Postsecondary education, Casino experience, Operator experience, Regulator experience, Vendor experience, Front and back of house operations, Customer advocacy, Promotion development, Sports betting consumer, Datadriven thinking, Strategic thinking, Sportsbook industry knowledge, Flexible hours, English language proficiency, Regular attendance, Time management, Professionalism, Confidentiality"
https://www.linkedin.com/jobs/view/senior-project-manager-multifamily-construction-at-michael-page-3767476533,"Project Management, Cost Control, Risk Management, Business Development, Client Management, Progress Meetings, Prequalification Process, Bidder Responses, Project Delivery Method, Business Plans, Junior Team Member Training, Construction Management, Civil Engineering, Architecture, Multifamily Work, PT/Podium Deck/Parking Garage, Leadership, Estimating, Cost Plus, Negotiated Work, MS Project, Procore, CPM Scheduling, Change Orders, Pay Apps, Competitive Base Salary, Competitive Bonus Structure, Medical Insurance, 401K, Car Allowance, Company Profit Sharing, Career Advancement Opportunity, Training Programs, PTO Days, Maternity/Paternity Leave, Company Outings, Company Phone, Company Laptop"
https://www.linkedin.com/jobs/view/exchange-student-local-coordinator-independent-contractor-at-greenheart-exchange-3798431559,"Domestic and international travel, Host student orientations, Recruit local families, Assist families with approval process, Organize exchange student placements, Accredited school, Prearrival orientations, Host family orientations, Mentor and friend, Background check, DOS Test, 26+ age requirement, US residency, Home/office internet access"
https://www.linkedin.com/jobs/view/area-manager-at-pj-s-coffee-of-new-orleans-3788943867,"MultiStore Management, Team Leadership, Operational Excellence, Customer Service Focus, Financial Management, Community Engagement, ServSafe Certification, Analytical Skills, ProblemSolving Skills, Communication Skills, Interpersonal Skills, Flexibility, Food and Beverage Industry Experience, Leadership Skills, TeamBuilding Skills"
https://www.linkedin.com/jobs/view/sales-professional-consumer-direct-outside-sales-at-united-placement-group-3779796415,"Sales, Communication, Collaboration, Consumer direct sales, Closing deals, Lead generation, Appointment setting, Territory management, Commissionbased compensation, Flexible schedule, Autonomy, Growth opportunities"
https://www.linkedin.com/jobs/view/executive-assistant-svp-production-corporate-hr-at-cypress-hcm-3779709163,"Executive Assistant, Calendaring, Meeting Coordination, Conferencing, Scheduling, Expense Report Management, Filings, Problem Solving, Presentations, MS Office Suite, Advanced Excel, PowerPoint, Communication, Interpersonal Skills, Confidential Information, Time Management, Prioritization, Conflict Resolution, Flexibility, Organization, SelfStarter, Proactivity, Resourcefulness, BA/BS, Computer Skills"
https://www.linkedin.com/jobs/view/inspector-cei-at-volkert-inc-3616632709,"Engineering Technology, Survey Technology, Inspection, Testing, Construction, Layout, Contract Compliance, Specifications, Materials, Plans, Data Analysis, Data Input, Database Management, Safety, Communication, Teamwork, Initiative, Judgement, Multitasking, Problem Solving, Verbal Communication, Written Communication"
https://www.linkedin.com/jobs/view/engineering-technician-3-construction-at-state-of-nevada-division-of-human-resource-management-3806313900,"Drafting, Engineering calculations, Surveying, Materials testing, Soils testing, Construction inspection, Roadway design, Rightofway engineering, Planning, Permitting, Inspection, Water rights appropriation, Land acquisition, Technical engineering skills, Technical engineering methods, Technical engineering practices, Computer aided software, Specialized equipment, Engineering related documents, Field inspections, Field testing, Field surveying, Specifications, Quantities, Education, Experience, Degree, Transcripts, Application evaluation, Interview, A valid driver's license"
https://www.linkedin.com/jobs/view/client-relationship-consultant-4-columbia-mo-at-u-s-bank-3803732688,"Customer Relationship Management, Financial Services, Sales, Consumer Banking, Retail Banking, Digital Banking, Mortgages, Credit Applications, Customer Service, Interpersonal Skills, Communication Skills, Sales Campaigns, Digital Products, SelfService Technologies, Financial Needs Analysis, Needs Identification, Solution Recommendations, Proactive Outreach, Followup"
https://www.linkedin.com/jobs/view/box-truck-driver-f-endorsement-at-carter-lumber-3799869414,"Box Truck Driving, Customer Service, Delivery, Inventory Control, Sales, Product Knowledge, Safety, Team Work, Flexible Schedule, Building Materials Knowledge, Equipment Usage and Maintenance, Cycle Counts, Route Optimization, Highway Regulations Compliance, Safety Training, Orientation, Product Knowledge Training, Material Selection, Loading and Unloading, Yard Organization, Insurance Benefits, 401(k) Plan"
https://www.linkedin.com/jobs/view/registered-nurse-rn-ed-at-community-memorial-healthcare-3737210185,"Nursing, Emergency Medicine, BLS, ACLS, PALS, DNV, CAP, Stroke/Sepsis Education, ENPC, TNCC, CEN, BSN"
https://ca.linkedin.com/jobs/view/operations-supervisor-secured-transport-at-gardaworld-3756754436,"Operations Management, Customer Service, Leadership, Team Management, Planning, Organizing, Scheduling, Policy Implementation, Employee Training, Safety Management, Investigations, Collaboration, Budget Management, Fee and Schedule Changes, Problem Solving, Teamwork, Communication, Microsoft Office Suite, Driver's License, Health and Safety Management, WSBC Reporting, Restricted Possession and Acquisition License, Mechanical and/or Electrical Inclination, Training and Coaching"
https://www.linkedin.com/jobs/view/executive-assistant-at-university-of-miami-3758138721,"Executive support, Schedule management, Office management, Travel arrangements, Communications, Information preparation, Data management, Budget management, Report writing, Presentation creation, Project management, Event planning, Training, Supervision, University policies and procedures, Clerical work, Liaison, Administrative support, Expense management, Agenda creation, Memo writing, Letter of recommendation, Minute taking, Financial processing, Membership management, Purchase management, File management, Equipment procurement, Time approvals, Travel coordination, CME log maintenance, License and certification tracking, Compliance training, Organizational chart creation, Interview coordination, Data analysis, Hurricane preparedness, Credentialing, Dues payment, Uniform ordering, Associate's degree, 5 years of relevant experience"
https://www.linkedin.com/jobs/view/delivery-driver-at-reece-usa-3132941409,"Highquality customer service, Teamwork, Flexibility, Efficiency, Class C license, Clean background and driving record, DOT regulations, Medical and Dental Insurance, Flexible Spending Accounts, Companypaid Life Insurance, Short Term Disability, 401(k) Plan, Paid Time Off (PTO), Voluntary Benefits, Additional Life Insurance, Long Term Disability, Cancer/Accident/Heart/Stroke Insurance, Vision Insurance"
https://www.linkedin.com/jobs/view/construction-special-inspector-at-atlantic-testing-laboratories-atl-3775653377,"ACI, ICC, PCI, CWI, NETTCP, NYSDOT DTI, NYSDOT PCC, NYSDOT QC/QA, NICET"
https://uk.linkedin.com/jobs/view/warehouse-stock-control-manager-at-ideal-recruit-limited-3797206260,"Data Entry, SAP, Inventory Management, Problem Solving, Health and Safety, Proactive Approach, Communication, Multitasking, Numeracy, Literacy, IT Skills, Time Management, Efficiency Analysis, Team Player, Leadership"
https://www.linkedin.com/jobs/view/civil-engineer-at-stantec-3581624149,"Civil Engineering, AutoCAD Civil3D, EPA SWMM, EPANet/WaterCAD, Microsoft Office Suite, Leadership, Project Management, Technical Writing, Communication, Analytical Skills, ProblemSolving, Client Liaison, Business Development, Calculations, Field Work, Engineering Software, Building Codes, Specifications, Drainage Studies, Construction Field Reviews, Bachelor's degree in Engineering, Professional Engineer License, 12+ years of experience"
https://www.linkedin.com/jobs/view/business-development-manager-at-interstate-advanced-materials-3797276886,"Sales, Business Development, Plastics Industry Experience, Technical Aptitude, Prospecting, Targeting, Machined Parts, Sheet, Tube, Rod, Industrial Plastics Machining Solutions, Overnight Stays, Team Atmosphere, Advanced Material Training"
https://ca.linkedin.com/jobs/view/avocat-avocate-at-canadian-armed-forces-forces-arm%C3%A9es-canadiennes-2390048225,"Legal services, International law, Military law, Criminal law, Administrative law, Employment law, Human rights law, Legal advice, Legal representation, Negotiation, Litigation, Legal research, Legal writing, Military justice, Military operations, Military personnel, Military training, Basic military officer qualification, Second language training, Professional training, Continuing education, Parttime work, Reserve Force, Regular Force, Law degree (LL.L LL.B. or J.D.), Membership in a provincial or territorial bar association, Two years of practical experience, Fulltime legal practice in Canada, Experience evaluation, Military leadership, Military regulations and customs, Basic weapons handling, First aid, Physical fitness, Problemsolving, Communication, Teamwork, Attention to detail, Ability to work independently and as part of a team, Ability to work under pressure, Ability to meet deadlines, Strong work ethic"
https://www.linkedin.com/jobs/view/global-oil-gas-senior-catalysis-process-engineer-at-matchatalent-3799139474,"Chemical Engineering, Process Engineering, Petrochemical, Refining, Catalyst, Absorbents, Catalyst Management, Performance Monitoring, Pilot Testing, Performance Optimization, Material Handling, Process Simulation, Catalyst Selection, Technology Providers, Inventory Management, Contractual Agreements, Catalyst Evaluation, Catalyst Performance Guarantees, Precious Metals Reclamation, Field Support, Catalyst Loading, Unloading, Regeneration, Rejuvenation, PreSulfiding, Activation, Process Optimization, Troubleshooting, Cost Optimization, Bachelor's Degree, Advanced Degree, Catalysis, 10+ Years Experience, Catalytic Processes, Hydroprocessing, Reforming, Catalytic Cracking, Technology Licensors, Simulation Programs"
https://www.linkedin.com/jobs/view/member-service-representative-at-university-of-michigan-credit-union-3798986164,"Customer service, Member service, Communication skills, Problemsolving skills, Professionalism, Punctuality, Ability to use technology, Associate's degree, Two or more years of experience"
https://www.linkedin.com/jobs/view/assistant-general-manager-at-fox-restaurant-concepts-3769115077,"Restaurant management, Business operations, Financials, Scheduling, Planning, Customer service, Food knowledge, Product quality, Cleanliness, Highvolume environment, POS systems, OpenTable, Team leadership, Continuous improvement"
https://www.linkedin.com/jobs/view/customer-service-representative-at-motion-3775088836,"Customer service, Order fulfillment, Sales, Negotiation, Customer relationship management, Inventory management, Shipping, Communication, Multitasking, Time management, Computer skills, Product knowledge"
https://www.linkedin.com/jobs/view/senior-healthcare-financial-internal-auditor-at-meritus-health-3756781978,"Financial accounting, Internal auditing, Healthcare industry knowledge, Risk assessment, Internal controls, MS Office Suite, ACL, IDEA, ActiveData for Excel, Continuous Auditing Technology (CAT), GAAP, Generally Accepted Accounting Principles, CPA, CIA, CISA, Bachelor's degree in accounting, Master's degree in accounting or related field, 57 years of experience in internal auditing or public accounting/auditing, Strong organization and analytical skills, Ability to work independently and resolve or escalate issues, Proficiency with MS Office applications (Word Excel PowerPoint), Proficiency with Access and Visio (preferred)"
https://au.linkedin.com/jobs/view/account-manager-at-creative-activation-3797062776,"Account Management, Retail Customer Experience, Sales Function and Budget Control, Microsoft Suite (Excel PowerPoint), Strategic Thinking, Data Analysis and Interpretation, Communication (All Levels), Leadership, Retail Operations"
https://www.linkedin.com/jobs/view/registered-nurse-case-manager-24071709expplat-at-travelnursesource-3795405446,"Registered Nurse, Case management, Liaison RN, Acute care, NurseWallet App, NurseWallet, Cigna health insurance, Referral bonuses, License and CEU reimbursement, State License Board, Housing and relocation assistance, Travel & Salary Package, BSN preferred, Interqual experience"
https://www.linkedin.com/jobs/view/office-manager-at-step-up-for-students-3795840815,"Project management, Facilities management, Disaster planning, Site maintenance, Safety protocols, Emergency preparedness, Facilities inspections, Vendor management, Contract management, Budget management, Office safety regulations, Office maintenance regulations, IT and analytics, Communication skills, Interpersonal skills, Professionalism skills, Problemsolving, Decisionmaking, People management, Innovation, Creativity, Quality management, Risk management, Office equipment maintenance, Office furniture maintenance, Appliances maintenance, Windows maintenance, Lighting maintenance, HVAC maintenance, Restroom maintenance, Kitchen maintenance, Office supply maintenance, Purchasing, Inventory management"
https://www.linkedin.com/jobs/view/dentists-at-gotham-enterprises-ltd-3791140725,"Dentistry, Oral health, Patient care, Infection control, HIPAA compliance, Patient satisfaction, Communication skills, Bedside manner, Manual dexterity, Teamwork, Continuing education, Dental insurance, Vision insurance, 401(k) plan, Paid time off, Doctor of Dental Surgery (DDS), Doctor of Dental Medicine (DMD), Active state dental license, 1 year of clinical experience"
https://www.linkedin.com/jobs/view/first-year-tax-professional-at-h-r-block-3677145237,"Customer service, Tax preparation, Retail, Sales, Marketing, Communication, Teamwork, Collaboration, Time management, Problemsolving, Attention to detail, Accuracy, High school diploma or equivalent, H&R Block Income Tax Course completion, 3 hours of continuing education, IRS and state requirements"
https://www.linkedin.com/jobs/view/dance-instructor-at-fred-astaire-dance-studio-3798586065,"Dance instruction, Customer service, Teamwork, Selfmotivation, Positivity, Physical fitness, Interpersonal skills, Communication, Professional development, Dance curriculum, Dance coaching, Dance business skills, Management, Competition, Performance, Travel, Salary, Bonuses, PTO, Vacation, Continuing education, Health and wellness benefits"
https://www.linkedin.com/jobs/view/hourly-supervisor-and-training-at-walmart-3684045007,"Communication, Leadership, Training, Inventory Management, Problem Solving, Customer Service, Teamwork, Planning, Organization, Time Management, Basic Math"
https://www.linkedin.com/jobs/view/real-estate-agent-associate-investment-sales-aus-at-matthews-real-estate-investment-services%E2%84%A2-3445829597,"Sales, Commercial Real Estate Analysis, Brokerage, CRM System, Prospecting, Effective Communication, Mathematics, Financial Analysis, Business Planning, Bachelor's Degree in Business, Sales Experience, Strong Work Ethic, Teamplayer, Coachable, Analytical Skills, Collaboration, Independence"
https://www.linkedin.com/jobs/view/community-manager-at-allied-orion-group-3802696960,"Multifamily Property Management, Property Leasing, Property Marketing, Resident Relations, Income Generation, Expense Control, Financial Reporting, Team Leadership, Communication, Customer Service, Microsoft Office Suite (Word Excel PowerPoint), Property Management Software, Fair Housing Laws, OSHA Requirements, EEOC Laws, Local City and State Ordinances"
https://www.linkedin.com/jobs/view/slp-at-fusion-medical-staffing-3799882252,"Speech Language Pathologist, Pathology, Critical thinking, Service excellence, Interpersonal communication, PC skills, Medical Dental and Vision, 401(k), Paid Time Off (PTO), Short term disability, Aetna, MEDITECH, naviHealth  nH Discharge, Press Ganey"
https://www.linkedin.com/jobs/view/production-supervisor-onsite-at-energy-jobline-3802687990,"Production Supervision, Leadership, Manufacturing, Lean Six Sigma, Data Analytics, Effective Communication, Talent Development, Network Building, Forecasting, Scheduling, Training, Quality Control, Salesforce, Bachelors Degree, 4 Years of Experience, Health Insurance, Vision Insurance, Dental Insurance, 401K, Tuition Reimbursement, Employee Assistance Program, Wellbeing Program, Employee Stock Purchase Program, Medical and Prescription Drug Insurance, Critical Illness Insurance, Accident Insurance, Hospital Indemnity Insurance, Personalized Healthcare Support, Tobacco Cessation Program, Health Savings Account (HSA), Flexible Spending Accounts (FSAs)"
https://www.linkedin.com/jobs/view/licensed-marriage-and-family-therapist-lmft-at-gotham-enterprises-ltd-3766227144,"Licensed Marriage and Family Therapist (LMFT), Master's degree in Marriage and Family Therapy, Communication skills, Interpersonal skills, Empathy, Sympathy, Nonjudgmental approach, Organizational skills, Time management skills, Caseload management, Administrative tasks, Annual salary: $70000$100000, Paid time off, Retirement benefits, Health insurance, Professional advancement, Addiction treatment training, Supportive work environment, Ongoing guidance and instruction"
https://www.linkedin.com/jobs/view/long-term-travel-pcu-step-down-rn-24148037expplat-at-travelnursesource-3798021440,"RN, Long Term Travel, PCU, Step Down, Medical, Dental, Vision Insurance, 401(k) Savings Program, Licensure and Credential Reimbursement, Professional Liability / Malpractice Coverage, Weekly Pay with Direct Deposit, Tax Free Per Diems, Furnished Housing, Honesty, Integrity, Specialized Care, Collaboration, Patient Safety, HighQuality Outcomes, Contracted Travel Position, Competitive Pay for Referrals"
https://ca.linkedin.com/jobs/view/security-analyst-bhjob13022-13054-at-ignite-technical-resources-3799538071,"Security Analyst, Security Operations, Ticket and Problem Management, Security Tool Management, Project Contribution, Risk Management, Vulnerability Assessment, Incident Management, Disaster Recovery, IT Auditing, Security Training, Cyber Security Frameworks (NIST MITRE), Cisco Networks, SSLVPNs, Firewalls, Voice/Data, Security Tools, Proxy Management, EDR Products, SIEM, Azure & AWS Security Tools, Corporate Phone, Emergency Support, University Degree, College Diploma, Security IT Industry Experience, Network Security, Systems Security, Financial Industry Experience, Professional Designation (CISM CISSP CISA), Communication Skills, Collaboration Skills, Troubleshooting, Implementation"
https://www.linkedin.com/jobs/view/key-holder-east-point-ga-at-rue21-3802202053,"Sales Associate, Communication, Feedback, Coaching, Problem Solving, Merchandise Display, POS systems, Product management, Customer Service, Teamwork, Retail Operations, Safety Protocols, Inventory Management, Sales Processing, Flexible Availability, Physical Stamina, Attention to Detail, Adaptability, Leadership, Multitasking, Cash Handling, Conflict Resolution, Trend Analysis, Visual Merchandising, Collaboration, Time Management, Standing, Lifting, Walking"
https://www.linkedin.com/jobs/view/travel-pcu-nurse-job-%242-411-wk-%242-594-wk-at-aya-healthcare-3803213523,"Telemetry, Dysrhythmia Interpretation, Dysrhythmia Management, Heparin Protocols, PatientControlled Analgesia (PCA), Orthopedic Trauma, Wound Care, Wound Vacuum, ACLS Certification, BLS Certification, 1 Year of Experience, Medical Dental Vision and Life Insurance, 401(k) Match, Paid Company Housing/Stipend, Paid Sick Time, Clinical Ladder Program for RNs, Continuing Education Units"
https://www.linkedin.com/jobs/view/shift-manager-at-mcdonald-s-3685790974,"Food Safety, Internal Communication, Inventory Management, Daily Maintenance, Crew Management, Food Production, Exceptional Customer Service, Retail, Hospitality"
https://ca.linkedin.com/jobs/view/building-operator-at-allied-properties-reit-3792239012,"Building Operations, HVAC, Plumbing, Electrical, Fire Alarm, CAD, MS Office (Word/Excel), Yardi FM, Provincial Building Code & Regulations, Canadian Electrical Code, Provincial Fire Code and Electrical Safety Authority, Occupational Health and Safety Act, Workplace Hazardous Materials Information Systems (WHMIS), First Aid and CPR, Building Environmental Systems: MMF BES I & II SMA/SMT, 4th Class Power Engineer, Life safety, BBN, OT, Energy management practices, Heat transfer principles, Sustainability, Time management, Communication, Customer service, Collaboration, Teamwork, Decisionmaking, Detailoriented, Organization, Adaptability, Computer literacy, Valid driver's license"
https://www.linkedin.com/jobs/view/welding-inspector-at-miller-brother-staffing-solutions-3795102228,"Welding Inspection, ASME, MIG welding, Blueprint reading, Measurement tools, Document management, Audit Management, Hand tools, Forklift operation, Overhead crane operation, Jib crane operation, Pickup truck with trailer operation, ASME codes, NBIC codes"
https://www.linkedin.com/jobs/view/graduate-nurse-associate-cardiology-at-covenant-health-3648902968,"Nursing, Patient care, Critical skills, Temperature taking, Pulse taking, Respiration taking, Blood pressure taking, Weight taking, Height taking, Intakeoutput measurements, Oxygen saturation monitoring, Infection control, Standard precautions, Transmissionbased isolation precautions, OSHA standards, Safety measures, Body mechanics, Patient comfort, Patient privacy, Nutrition assistance, Hydration assistance, Drain emptying, Canister emptying, Urine bag emptying, Bedpan emptying, Emesis basin emptying, Intake and output recording, Clean patient environment, Orderly patient environment, Clean work environment, Orderly work environment, Nursing history taking, Therapeutic communication, Patient record documentation, Charting, Admission history taking, Basic observations, RN guidance, Significant change reporting, RN signature obtaining, Task completion, Supervision, Guidance seeking, Suggestion communication, Complaint communication, Cooperation, Flexibility, Positive behavior, Stress performance, Policy following, Procedure following, Safety standard following, Education assignment completion, Goal achievement, Objective achievement, Quality improvement participation, Duty performance, Registered nursing education, Licensure application, Licensure fulfillment, Nursing Boards approval, Nursing assistant work, Hospital experience, Computer operation, Interpersonal skills, CPR"
https://www.linkedin.com/jobs/view/quality-inspector-at-pds-defense-3801107071,"Manufacturing, A330 work package, Inspection, Quality control, Data capture, Engineering support, SOPs, LAI"
https://www.linkedin.com/jobs/view/senior-manager-indirect-procurement-at-michael-page-3798614373,"Strategic Procurement, Leadership Experience, Stakeholder Management, Vendor Management, SOP Identification, SOP Advising, SOP Implementation"
https://www.linkedin.com/jobs/view/prime-design-group-team-leader-at-kpff-consulting-engineers-3786818077,"Civil Engineering, Structural Engineering, Project Management, Team Leadership, Client Relations, Bluebeam, MS Project, AutoCAD, Revit, MS Office, Construction Drawings, Entitlement Processes, Design Reviews, Quality Control, Quality Assurance, 401(k) Retirement Savings Plan, Medical Insurance, Dental Insurance, Health Reimbursement Account (HRA), Health Savings Account (HSA), Flexible Spending Accounts (FSA), Life Insurance, KPFF Paid Family Leave, Shortterm and Longterm Disability Insurance, Paid Holidays, Paid Time Off (Vacation Sick Jury Duty), Bonus Program, Family Flexibility, Work/Life Balance, Competitive Salary, Hourly Pay"
https://www.linkedin.com/jobs/view/restaurant-manager-at-goodwin-recruiting-3755190207,"Restaurant Management, Guestfocused service, Leadership, Business acumen, Training and development, Team building, Operations management, Diversity and Inclusion, Communication, Problemsolving, Decisionmaking, Time management, Organizational skills"
https://www.linkedin.com/jobs/view/licensed-marriage-and-family-therapist-lmft-at-gotham-enterprises-ltd-3796350243,"LMFT license, Oklahoma, Counseling, Social work, Psychology, Mental health, Caseload management, Scheduling, Written communication, Verbal communication, Healthcare stipend, Flexible schedule"
https://www.linkedin.com/jobs/view/field-service-specialist-at-national-engineering-3798852169,"Travel, Installation, Maintenance, Repair, International travel, Customer requests, Emergency services, 24x7 ""On Call"" support, Scheduling, Commissioning, Qualification, Testing, Troubleshooting, Calibration, OSHA, NPFA, Materials management, Spare parts management, Equipment builds, Customer training, Technical support, Writing, Editing, Templates, Operating procedures, Manuals, Electromechanical, Electrical, Electronic, Military training, Field service, Factory automation, Semiconductor, Electronics devices production, PLC programming, HMI programming, Passport, Driver's license, US Citizen or Green Card"
https://www.linkedin.com/jobs/view/first-year-tax-professional-at-h-r-block-3749900320,"Tax preparation, Customer service, Sales, Marketing, Teamwork, Communication, Time management, Attention to detail, Problemsolving, IRS and state tax requirements, H&R Block Income Tax Course, Microsoft Office"
https://www.linkedin.com/jobs/view/assistant-front-end-mgr-at-weis-markets-3771019836,"Customer relations, Assists Front End Manager, Ensures cash handling control, Enforces company policies/procedures, Audits on cashiers, Onboarding front end sales associates, Trains associates, Utilizes Learning Management System (LMS), Utilizes autoscheduler system, Controls supply costs, Directs the flow of customers, Oversees lot attendant service, Operates frontend scanning equipment, Assists customer service with answering phone calls, Maintains functionality of equipment hardware and software, Communicates special promotions/sale items, Attends store’s daily huddles, Customer questions, Safety and sanitation, Cooperates with coworkers and superiors, Supervises associates, Equal Opportunity Employer"
https://uk.linkedin.com/jobs/view/chef-de-partie-at-restaurant-associates-uk-3788421935,"Chef de Partie, Food Preparation, Communication, Product Knowledge, Food Hygiene, Health and Safety, Initiative, Customer Service, Problem Solving, Teamwork, Time Management, Safety, Passion for Food"
https://www.linkedin.com/jobs/view/resident-manager-at-the-salvation-army-usa-eastern-territory-3681869750,"Resident management, Crisis management, Case management, CPR certification, PC skills, Outlook, Word, Internet navigation, Communication, Teamwork, Conflict resolution, Problemsolving, Recordkeeping, Planning, Scheduling, Supervision, Education, Community outreach, Cultural competence"
https://www.linkedin.com/jobs/view/senior-analyst-auditor-at-prgx-global-inc-3774250485,"Auditing, AR, AP, Procurement, Microsoft Office, Excel, Access, PowerPoint, Database, Queries, Pivot tables, Project Tools, Commercial Recovery Productivity, Accounting, Data Analysis"
https://uk.linkedin.com/jobs/view/oncology-nurse-at-leaders-in-care-3792130743,"Oncology, Nursing, Patient Care, Assessment, Planning, Implementation, Evaluation, Safe Practice, Professional Conduct, LifeThreatening Situations, Workload Organization, Clinical Priorities, Multidisciplinary Teamwork, Effective Care, Treatment, Nursing Records, Legal Implications, Registered General Nurse, NMC Registration, PostRegistration Oncology Experience, EvidenceBased Knowledge, General Nursing, Oncology, Haematology, Chemotherapy, Cannulation, Venepuncture, SACT Passport"
https://www.linkedin.com/jobs/view/general-dentist-temporary-at-mortenson-dental-partners-3713993652,"Dentistry, General Dentistry, EmployeeOwned, Dental Support, Private Practice, Team Work, Patient Care, Decision Making, Love, Diversity, Inclusion, Teamwork, Caring, Gratitude, Sharing, Relationship Building"
https://www.linkedin.com/jobs/view/mkk-airport-customer-service-agent-pt-at-southern-airways-express-3676349927,"Customer service, Communication skills, English proficiency, Professionalism, Conflict resolution, Detail orientation, High school diploma, Computer skills, Basic math, Ability to work within a 24/7 operation, Valid driver's license, Reliable transportation, Ability to pass background check and drug screen, 18 years of age or older, Authorized to work in the U.S., Physical dexterity, Vision, Ability to lift 70 pounds, Ability to stand for extended periods of time, Ability to work in all weather conditions, Ability to work in confined spaces, Machines Equipment and Tools, Computer, Phone, Photocopier, Fax machine"
https://www.linkedin.com/jobs/view/early-careers-risk-reinsurance-broking-at-aon-3719122672,"Client Management, Microsoft Office Suite, Excel, Word Processing, PowerPoint, Email, Internet tools, Communication, Oral Communication, Written Communication, Analytical Skills, Problem Solving, Team Environment, Research, Critical Thinking, Computer Skills, Basic Understanding of Claims Administration Process, Strong Knowledge of Reinsurance, Strategic Engagement, Business Development, Sales, Account Management, Bachelor's Degree, Business, Finance, Economics, Statistics, Mathematics, Risk Management, Insurance, Political Science, GPA of 3.0 or above, Risk Solutions, Reinsurance, Reinsurance Market, Reinsurance Industry, Insurance Underwriters, Account Management, Insurance Carriers, Intermediaries, Product Development, Business Relationships, Data Gathering, Data Analysis, Exposure Data, Loss History, Coverage Needs, Client Service Plans, Stewardship Reports, Presentations, Renewal Process, Quote Comparisons, Binders, Policies, Endorsements, Certificate Management, Auto IDs, Location Additions, Invoices, Workers' Compensation posting notices, Allocations, Premium Finance Agreements, Summaries of Insurance, Policy Transmittals, Broking Status, Continuous Support, Verbal Presentation Skills, Negotiation Skills, Billing, Policy Collection, Reviewal, Transmittals, Catastrophe Modeling, Treaty, Actuarial, Contract Wording"
https://www.linkedin.com/jobs/view/net-lead-at-noralogic-inc-3793658394,".NET, Endtoend business solutions, Frontend and backend development, Database queries, Optimization, Troubleshooting, Written and verbal communication, Collaboration, Analysis, Design, Development, Maintenance, Support, Team leadership, C#, Web services, Backend programming, Captiva custom modules, Objectoriented programming, Network programming, Captiva Capture Version 7.1, Capture Flow Designer, Code repository/build automation tools, Database tools, Intelligent Capture (Captiva) product migration, Captiva work flows, Captiva InputAccel, Software installation, Upgrades, Patching, Intelligent Capture (Captiva) production support, Reveille monitoring software, Subject matter expertise, Highvolume batch oriented centralized capture solutions, Security, Logging, Audit, Usage requirements, Troubleshooting, Root cause analysis, Fastpaced environment, Communication, Problem solving, Analytical skills, Written and verbal skills, Interpersonal skills, Teamwork, Customer support"
https://www.linkedin.com/jobs/view/guest-advisor-store-3768-at-gamestop-3797081360,"Guest service, Sales, POS systems, Retail experience, Video game knowledge, Communication skills, Teamwork, Problemsolving, Physical requirements, Flexibility, Reliability, Trustworthiness, High school diploma or equivalent, Bilingual English/Spanish speaking and writing skills (preferred)"
https://www.linkedin.com/jobs/view/account-executive-at-allied-partners-3427025046,"Client satisfaction, Communication, Building operations, Maintenance, Budgeting, Financial management, Supervision, Human resources, Project management, Microsoft Office, Real estate, Residential property management, Condominiums, Cooperatives, Sales, Leasing, Refinancing, Building operations, Maintenance, Interpersonal skills, Customer service, Communication skills, Teamwork, Independent work"
https://www.linkedin.com/jobs/view/senior-software-engineer-at-wingbrace-3798266510,"Senior Software Engineer, Python, Java, HTML, JavaScript, CSS, Flask, Django, NodeJS, Golang, Ruby, Vue, React, Java, C++, SQL, JDBC, Cypher, RESTful APIs, JSON, Docker containers, Kubernetes, Unix/Linux, macOS, Cloud services, JBoss, Quarkus, Tomcat, OpenAPI management, Agile Software Methodology, Problemsolving skills, Interpersonal skills, Communication skills, Presentation skills, Technical Writing, Handson experience, Troubleshooting, Business Analysis, Data Visualization, DoD modernization, Platform development, Data development, Application development, TopSecret Clearance, Bachelor's or Master's in Computer Science or Software Engineering, 3 years of clientfacing experience, 5 years of industry software development and delivery experience, Ability to work onsite 1 day per week"
https://www.linkedin.com/jobs/view/salon-manager-clifton-park-ny-at-jcpenney-3620998966,"Team Management, Performance Analysis, Business Analytics, Cosmetology License, Decision Making, Talent Acquisition, Business Performance Analysis, Client Interaction, Visual Merchandising"
https://www.linkedin.com/jobs/view/licensed-independent-clinical-social-worker-licsw-south-hill-wa-at-lifestance-health-3798164621,"Mental healthcare, Behavioral health, Digital technology, Telemedicine, Outpatient care, Psychiatry, Psychology, Social work, Psychotherapy, Counseling, Diagnosis, Treatment planning, Crisis intervention, Psychopharmacology, Evidencebased practice, Patient care, Clinical excellence, Communication skills, Teamwork, Problemsolving skills, Cultural competence, Diversity and inclusion, Worklife balance, Flexible schedule, Remote work, Hybrid work model"
https://www.linkedin.com/jobs/view/salem-supply-chain-management-tutor-at-varsity-tutors-a-nerdy-company-3796552263,"Online Tutoring, Supply Chain Management, Communication Skills, Teaching Style, Live Learning Platform, Adaptive Assessments, Personalized Learning, Lesson Plans, 1on1 Tutoring, Small Group Classes, Large Live Classes, Instant Tutoring, Remote Work, Flexible Hours, Competitive Rates, Payment Invoicing"
https://www.linkedin.com/jobs/view/military-family-life-counselor-child-youth-at-magellan-health-3750899886,"Social Worker, Therapist, Mental Health Counselor, Psychologist, CYB Military Family Life Counseling (MFLC), Child Development Centers (CDC), Youth Programs, Summer Camps, Line of Sight Protocol, Counselor Activity Data, Quality Improvement, Magellan MFLC CYB, Child National Agency Check and Inquiries (CNACI) Clearance, Installation Records Check (IRC), Criminal History Background Check, FBI Fingerprints Check, Vehicle Operator's License, Masters in Behavioural Health, Licensure in State Commonwealth or Customer Specific Requirements, Care Management, Driver's License, Independent Behavioral Health Clinician."
https://www.linkedin.com/jobs/view/volunteer-georgia-region-duty-officer-dispatcher-jenkins-county-at-volunteermatch-3803976738,"Disaster Action Team (DAT), Red Cross Respond (database), VolunteerMatch, LinkedIn for Good"
https://www.linkedin.com/jobs/view/veterinarian-fisherville-ky-at-vetcor-3763933707,"Veterinary Medicine, Surgery, Laser Surgery, Radiology, Ultrasound, Incubation, Orthopedic Surgery, TCI/Endosope, Community Connections, Customer Service, Employee Training, Mentorship, 4Day Work Week, No OnCall or Emergency Hours, Medical Benefits, Dental Benefits, Vision Benefits, 401(k), Employee Assistance Program (EAP), Continuing Education (CE) Allowance, Paid Time Off (PTO), Vacation Time, Paid Holidays, Dues & Liability Coverage, Employee Discounts, Growth Opportunities"
https://www.linkedin.com/jobs/view/grill-master-cook-at-el-pollo-loco-inc-3644642966,"Customer service, Kitchen skills, Time management, Communication, Food handling, Physical stamina, Flexibility, High school diploma or equivalent, Ability to speak and read English, Heavy lifting (up to 40 lbs), El Pollo Loco logo'd shirt, Work Attire: black pants or jeans and noslip shoes"
https://www.linkedin.com/jobs/view/kitchen-manager-at-avalon-park-independent-living-3774896877,"Inventory management, Kitchen organization, Menu development, Cleaning standards, Plateware tracking, Food safety labeling, Food storage, Leadership skills, Communication skills, Strategic thinking, Analytical thinking, Motivation, Team spirit, Money management, Negotiation skills"
https://www.linkedin.com/jobs/view/manager-electrical-engineering-2-rf-with-security-clearance-at-clearancejobs-3805762087,"Radar systems, EW systems, Signal processing systems, System design, Engineering development, Transition to production, Multidiscipline engineering, Systems integration, Test, Project management, Proposal development, Contract activities, Engineering process improvement, Leadership, Personnel management, Basis of Estimates (BOEs), Secret clearance, Electrical Engineering, Mechanical Engineering, Physics, Missile Development, Technology Development, EMD, Limited rate production, Product lifecycle engineering, Program leadership"
https://www.linkedin.com/jobs/view/co-manager-at-racetrac-3640230732,"Inventory Management, Retail Operations Management, Safety Compliance, Customer Service, Cash Register Operations, Inventory Control, Vendor Management, Team Management, Staff Training and Development, Performance Management, Profit and Loss Analysis, Sales Forecasting, Conflict Resolution, Communication, Teamwork"
https://www.linkedin.com/jobs/view/mri-technologist-st-peter-s-hospital-albany-ny-full-time-evenings-at-trinity-health-3764317631,"MRI Technologist, Radiologic Technology, CT, MRI, ARRT registration, NYS license, RIS, Medical Imaging, Mercycare mission, AAS Degree"
https://www.linkedin.com/jobs/view/chinese-speaking-pta-physical-therapy-assistant-for-home-health-at-feldcare-connects-3787754091,"Physical Therapy, Patient Care, Rehabilitation, Treatment Planning, Intervention, Progress Evaluation, SOAP Note Writing, Patient Education, Home Health Care, Physical Therapy Assistant License, APTAapproved Curriculum, Bilingual (Chinese), Flexibility, Independence, Administrative Support, Communication, Scheduling, Care Coordination, Quality Assurance"
https://www.linkedin.com/jobs/view/registered-nurse-prep-recovery-unit-full-time-at-guthrie-3800424789,"Nursing, Care plans, Patient condition monitoring, Patient care coordination, Physician and nursing orders, Discharge planning, Communication, Medical protocols"
https://www.linkedin.com/jobs/view/senior-software-engineer-devops-at-jobs-for-humanity-3789243182,"DevOps Engineering, Cloud Native Technologies, Agile Development Practices, Coding and Scripting, Container Orchestration, System Administration, Cloudbased Solutions, Java, Python, SQL, Ruby, Go, Docker, Kubernetes, Ansible, Terraform, AWS, UNIX, Linux"
https://www.linkedin.com/jobs/view/produce-category-manager-at-ben-e-keith-foods-3781775435,"Business, Vendor Management, Sales Management, Microsoft Office, Business Management, Effective Communication, Time Management, Project Management, Data Analysis, Purchasing, Reporting, Budgeting, Category Management, Training, Presentation, Adhoc analysis, Bachelor's Degree, Problem Solving, Critical Thinking"
https://www.linkedin.com/jobs/view/first-year-tax-professional-at-h-r-block-3670045031,"Tax Preparation, Sales, Marketing, Teamwork, Communication, Client Service, FastPaced Environment, IRS Compliance, High School Diploma, H&R Block Income Tax Course, Continuing Education, Medical Coverage, 401k Retirement Savings Plan, Employee Stock Purchase Plan, Flexible Work Options, Remote Work Opportunities"
https://uk.linkedin.com/jobs/view/sen-tutor-at-prospero-teaching-3789501480,"SEN Tutor, complex needs, Maths, English, UK classroom teaching, SEN, QTS, childrelated references, DBS certificate"
https://www.linkedin.com/jobs/view/field-service-engineer-08091-at-cephas-consultancy-services-private-limited-3764330740,"Field Service, Equipment Installation, Equipment Configuration, Equipment Troubleshooting, Equipment Maintenance, Equipment Repair, Equipment Upgrades, Customer Support, Technical Support, ProblemSolving, Analytical Skills, Communication Skills, Interpersonal Skills, Medical Equipment, Nuc Med, MRI, XRay, CT, Mammo, R&F, Cath Lab, Siemens, GE, Philips, Hologic"
https://www.linkedin.com/jobs/view/store-manager-at-sally-beauty-3804499802,"Store Management, Leadership, Sales Management, Customer Service, Budgeting, Inventory Management, Safety and Security Compliance, Cosmetology (optional), Product Knowledge, Communication, Team Leadership, Problem Solving, Physical Exertion, Lifting, Working around moving parts, Exposure to chemicals"
https://ca.linkedin.com/jobs/view/production-manager-at-zavida-coffee-roasters-3788130535,"Production management, Cost management, Operations strategy, Problemsolving, Change management, Work order management, Production scheduling, Quality control, Process improvement, Team leadership, Staff training and development, Performance management, Safety and environmental compliance, Food and beverage experience, Team player, Scheduling, KPI tracking, Budgeting, Presentation skills, Problemsolving, Verbal and written communication skills"
https://www.linkedin.com/jobs/view/customer-service-agent-cross-functional-part-time-at-piedmont-airlines-3783148352,"Customer Service, Boarding, Disembarking, Jetway Operation, Computerized Passenger Boarding, Aircraft Guidance, Aircraft Parking, Cabin Maintenance, Teamwork, Computer Applications, Communication Skills, Multitasking, Airport Ramp Environment, Physical Stamina, Stooping, Bending, Kneeling, Walking, Standing, Reaching, Lifting, Climbing Stairs, Handling Objects, Wheelchair Assistance, Driver's License, Clear Driving Record, Criminal History Records Check, Drug Screening, High School Diploma or GED"
https://www.linkedin.com/jobs/view/ssi-administrator-at-bossard-americas-3764005156,"Microsoft Suite (Excel Word PowerPoint), Outlook, Company Specific Programs, Pack slip processing, Invoice processing, ASN processing, Purchase order entry and maintenance, Material acquisition decision support, Data analysis, Supplier rating and management, PPAP management, PPW processing, Corrective action processing, Internal process expediting"
https://mx.linkedin.com/jobs/view/qa-tester-at-irium-3787791672,"Software tester, Quality Assurance, Manual testing skills, Automation testing skills, Selenium, Jira, Programming languages, Test case creation, Test planning, Software defects documentation, Debugging, Agile, Continuous integration, Regulatory standards, Requirements gathering, Performance testing"
https://uk.linkedin.com/jobs/view/store-manager-at-iiruc-service-sa-3804018722,"Store Management, KPI Tracking, Customer Service, Stock Control, Shrinkage Management, Health & Safety Compliance, Retail Environment Experience, Shop Floor Presence, Operational Skills, Leadership Skills, Planning and Organizational Skills, Interpersonal and Communication Skills, TargetDriven Attitude, SelfStarter and CanDo Attitude, Commercial DecisionMaking, Career Development"
https://www.linkedin.com/jobs/view/ic-e-technician-iii-at-system-one-3743892775,"Electrical equipment maintenance, Instrumentation repair, Distributed Control System (DCS) monitoring, Gas turbine control system repair, Generator maintenance, Transformer maintenance, Switchgear maintenance, Electrical system calibration, Instrumentation system calibration, Control system calibration, Computerized Maintenance Management System (CMMS), Preventative maintenance program optimization, Troubleshooting, Technical expertise, Decisionmaking, Problemsolving, Quality control, Resourcefulness, Teamwork, Communication, High school diploma, Technical/vocational school degree, Minimum of 5 years of experience, Mechanical aptitude, Understanding of chemistry physics electricity, Mathematics, DCS programming, DCS configuration, Advanced certifications/licenses, Valid state driver's license"
https://uk.linkedin.com/jobs/view/chef-de-partie-cook-180-house-central-london-at-soho-house-co-3795157007,"Chef de Partie, Food and beverage, Kitchen stations, Preparing food, Sense of urgency, Multitasking, Fastpaced environment, Flexible schedule, Opening and closing shifts, Communication skills, Teamwork, Punctuality, Reliability, Trustworthiness, Previous experience, Kitchen Porter"
https://www.linkedin.com/jobs/view/construction-supervisor-at-arcadis-3675901288,"Field Supervisor, Heavy Equipment Operator, Leadership Abilities, Excavation, Demolition, Heavy Equipment, Labor, Environmental Projects, Construction Services, Remediation, System Installations, Environmental Construction, Remediation, Valid Driver's License, 40Hour HAZWOPER, OSHA 30Hour Certification, Lifting and Carrying Equipment, Proficiency Tests for Heavy Equipment, Medical Exam and Negative Pressure Respirator Clearance, Ability to Travel"
https://ca.linkedin.com/jobs/view/business-development-executive-at-redstone-search-group-3798552145,"Business Development, Sales, Marketing, Trade Shows, Contract Management, Agribusiness, Agriculture, Economics, Supply Chain, Logistics, Leadership, Team Management, Business Strategy, Arabic (spoken and written)"
https://www.linkedin.com/jobs/view/case-manager-at-illumination-foundation-3787794096,"Case Management, KIPU, HMIS, Google Suite (Mail Docs Sheets Calendar), Microsoft Office Suite, VISPDAT, Homeless services, Case management, Mental health, Permanent supportive housing experience, Nonprofit housing, Bilingual (English Spanish), Social Services, Healthcare, Bachelor's degree"
https://www.linkedin.com/jobs/view/hourly-ferry-repair-tech-sr-at-virginia-department-of-transportation-3784889174,"Marine mechanical equipment repair, Vessel auxiliary systems maintenance, Dock equipment maintenance, U.S. Coast Guard inspections preparation, Information processing, Paperwork, Heavy manual labor, Computer skills, Software applications, Valid driver's license, Electrical repair, PLC, CAN bus, Modbus, Safety shoes, Market based pay program, DMV driving record check, Criminal history background check, References, Work history, PreEmployment Physical, Drug Screen, Random drug screening, Safety shoes, Virginia Values Veterans (V3), Certificate of Disability"
https://www.linkedin.com/jobs/view/senior-data-scientist-product-growth-at-jerry-3789687118,"Data Scientist, Analytical Insights, Predictive Models, A/B Testing, SQL, Product Management, Software Engineering, Product Design, Data Governance, Machine Learning, Mathematics, Statistics, Economics, Computer Science, User Experience, Data Engineering, Data Tracking, Data Integrity, Data Security, Artificial Intelligence, Machine Learning, Natural Language Processing, Business Intelligence, Data Analysis, Data Mining, Data Visualization"
https://www.linkedin.com/jobs/view/travel-rn-er-1971-00-week-24202531expplat-at-travelnursesource-3803866467,"American Heart Association, BLS, ACLS, PALS, Trauma Nurse Core Course (TNCC), Certified Emergency Room Nurse (CEN), NIHSS (stroke scale), Emergency room, RN, ER, Medical, Dental, Vision, 401(k), JACHO Certified, PTO"
https://www.linkedin.com/jobs/view/medical-technologist-samaritan-hospital-full-time-at-st-peter-s-health-partners-3689263802,"Medical Technology, Clinical laboratory procedures, Laboratory protocols, Quality control testing, Calibration, Preventative maintenance, Sunquest, Soarian, Bachelor's Degree in Medical Technology, NYS CLT license"
https://www.linkedin.com/jobs/view/sales-district-leader-at-pepsico-3797962234,"Microsoft Office Suite, Team Leadership, Consumer Packaged Goods Experience, Sales, Route Delivery, Customer Service, Business Development, Vendor Relationship Management, Order Management, Merchandising, Project Management, Microsoft Outlook, Microsoft Word, Microsoft Excel, Microsoft PowerPoint, Team Spirit, Ability to work flexible schedule, Lifting heavy objects, Valid driver's license"
https://www.linkedin.com/jobs/view/asset-marketing-manager-at-jobs-for-humanity-3805264637,"Project Management, Advertising, Marketing, Social Media Management, Email Marketing, SEO, Website Development, Print Production, Account Management, Customer Service, Sales, Budgeting, Media Planning, Creative Development, Photography, Videography, Copywriting, Proofreading, Microsoft Office Suite, Collaboration Tools, Bachelor's Degree in Advertising Communication or Marketing"
https://www.linkedin.com/jobs/view/senior-lead-software-engineer-back-end-at-jobs-for-humanity-3801610268,"Software Engineering, Machine Learning, Python, SQL, Node, Go, Java, Scala, Open Source RDBMS, NoSQL databases, Container Orchestration, Docker, Kubernetes, AWS, Agile, Cloud Computing, Data Analytics, NLP, Speech, Computer Vision, Recommendation Systems, Open Source Frameworks, Big Data, Data Lake Infrastructure, Data Warehousing, Containerization, React, AI products"
https://www.linkedin.com/jobs/view/locum-physician-hospitalist-at-weatherby-healthcare-3779917015,"Active state license, ACLS certification, Admissions, Credentialing, DEA certification, Assignment details and time entry in online portal, Competitive compensation, 24hour access to consultant, NALTO membership"
https://www.linkedin.com/jobs/view/acute-care-clinical-nurse-coordinator-at-hca-healthcare-at-health-ecareers-3787988448,"Acute Care, Clinical Nurse Coordinator, Bachelor's Degree in Nursing, Master's Degree in Nursing, 1+ Years applicable experience, COVID19 Vaccination, Critical Access Hospitals, Uncompensated Expenses, Diversity, Equal Opportunity Employer"
https://www.linkedin.com/jobs/view/registered-nurse-intensive-care-unit-at-compunnel-inc-3802568887,"ICU nursing, Organ support and monitoring, BLS(AHA), ACLS, EPIC, Crisis license, Basic Life Support, Advanced Cardiovascular Life Support"
https://www.linkedin.com/jobs/view/travel-radiology-technologist-%243-080-per-week-at-planet-healthcare-3802825904,"Radiology Technologist, Allied Health Professional, Travel job, 13 weeks, 40 hours per week, 8 hour shifts, Nights, Travel, Stipend, Medical benefits, Vision benefits, Dental benefits, 401k retirement plan, Weekly pay, Referral bonus"
https://www.linkedin.com/jobs/view/pediatric-home-care-lpn-at-haven-home-health-hospice-3805573060,"Pediatric Nursing, Patient Care, Communication, Client Relations, Healthcare Policy, Time Management, Community Health, School of Professional Nursing, Licensed Practical Nurse"
https://www.linkedin.com/jobs/view/part-time-cook-at-cura-hospitality-3802533831,"Culinary experience, Scratch cooking, Culinary methods, Culinary techniques, Culinary standards, Attention to detail, Multitasking, Kitchen equipment, Food items, Customer service, ServSafe certification, CFPM certification, Food preparation, Food presentation, Kitchen maintenance, Food storage, Safe food handling, Quality control, Portion control"
https://www.linkedin.com/jobs/view/senior-retail-stocking-associate-at-harbor-freight-tools-3715318075,"Retail, Stocking, Sales, Customer service, Communication, Teamwork, Problemsolving, Safety, Attention to detail, Physical strength, Interpersonal skills, Ability to lift heavy weights, Ability to work in a fastpaced environment, Ability to work independently and as part of a team, Ability to stand for long periods of time, Ability to operate a forklift"
https://ca.linkedin.com/jobs/view/registered-nurse-emergency-department-training-program-at-the-ottawa-hospital-3732074001,"Nursing, Medical/Surgical Experience, ACLS Certification, Critical Care Experience, Emergency Nursing Course, Bachelor of Science Degree in Nursing, PostGraduate Studies, English and French Proficiency, Patient Teaching, Teamwork, Professionalism, Health and Wellness Resources, Learning and Leadership Development Opportunities"
https://www.linkedin.com/jobs/view/first-officer-co-pilot-with-security-clearance-at-clearancejobs-3797689065,"FARs, AIM, FOM, FCOM, FCTM, QRH, Aviation terminology, Aircraft maintenance logs, Weather reports, NOTAMs, B737 aircraft operations, Performance data, Weight & balance, Cockpit environment, High noise levels, Extreme temperatures, Low humidity, Inflight emergencies, Inclement weather, Memory, Math calculations, Situational awareness, Multitasking, Problemsolving, Decisionmaking, Teamwork, Communication, Leadership, Customer service, FAA rules, FAA First Class Medical Certificate, FAA Airline Transport Pilot certificate (ATP), FAA B737 Type rating, DOD TS/SCI security clearance, US stateissued Driver's License, US Passport or US Birth Certificate, US citizenship, US DoD TS security clearance, AMEL rating"
https://www.linkedin.com/jobs/view/urgent-medical-equipment-planner-at-planate-management-group-3790102016,"Medical Equipment Planning, Hospital Equipment Management, Autocad, Microsoft Office Suite, Communication Skills, OSHA Safety Requirements, Construction Industry Knowledge, Health Care Environments Knowledge, Bachelor's Degree in Architecture or Engineering, Hospital Equipment Planning and Management Experience, Installation Works Supervision Experience, Project Management, Technical Report Writing, Staff Training Experience, English Proficiency, Construction Drawings Review, Budgeting, Cost Estimation, Equipment Calibration"
https://www.linkedin.com/jobs/view/lead-sterile-processing-technician-ii-at-kaiser-permanente-3782519268,"Sterile Processing, Decontamination, Sterilization, Medical Equipment, Surgical Supplies, CDC Guidelines, OSHA Guidelines, EPA Guidelines, AAMI Guidelines, Title 22, APIC Guidelines, SGNA Guidelines, JC Guidelines, OR Sets, Ultrasonic Cleaning, Steam Sterilizers, Plasma Sterilizers, Automated Endoscope Reprocessors, Biological Incubators, Heat Sealers, Instrument Washers, Cart Washers, Instrument Tracking System, Sterile Packaging, OR Case Carts, Customer Service, Collaboration, Sterile Processing Technician, Surgical Technician, HS Diploma/GED, Accredited Sterile Processing Program, Clinical Hours, Certification Board for Sterile Processing and Distribution  Technician Certification, Sterile Processing Distribution Technician Certificate, Registered Central Service Technician Certificate, Instrument Processing Techniques, Decontamination, Assembly, Sterilization, Sterile Processing Department Policies and Procedures, Soaps and Detergents, Packaging Methods, Sterilization Methods and Parameters, Infection Control Practices, HighLevel Disinfection Practices, Safepractices in Sterile Processing Department, Medical Supplies, Nursing Supplies, Surgical Supplies, Surgical Equipment, Color Discrimination, Audible Alarms, Multitasking, Prioritization, Stressful Environment, Basic Computer Skills"
https://www.linkedin.com/jobs/view/part-time-merchandiser-denver-co-at-american-greetings-3784418231,"Merchandising, Time management, Communication, Basic computer skills, Ability to lift heavy objects, Access to reliable transportation, Access to reliable internet, Ability to work occasional weekends and holidays, Ability to follow safety guidelines, Customer service, Retail experience, Stocking"
https://www.linkedin.com/jobs/view/dvm-wanted-at-ihire-3806763275,"Veterinary Medicine, SoftTissue Surgery, Leadership, Organization, Communication, Team Management, Accountability, Computer Literacy, Veterinary Practice Software Proficiency, ClientFocus, ExoticPocket Pet Experience, SoftTissue Surgery Skills, Career, Patient Care, Client Education, Social Media Experience, North Carolina State License, USDA Accreditation, Drug and Background Check"
https://www.linkedin.com/jobs/view/mental-health-skills-trainer-supported-employment-at-the-job-network-3802442012,
https://uk.linkedin.com/jobs/view/senior-analyst-chemistry-at-smithers-3745643261,"GCMS instrumentation, LCMS instrumentation, Qualitative GCMS data interpretation, Qualitative LCMS data interpretation, Chromatographic method development, Chromatographic troubleshooting, Coaching and mentoring junior staff, Quality systems (ISO17025 cGMP), Written and verbal communication, Interpersonal skills, Small molecule identification, Mass spectrometry, Metabolite identification (MetID)"
https://uk.linkedin.com/jobs/view/production-planner-at-thorn-baker-construction-3801108620,"Production Planning, Logistics, Manufacturing, Construction, Timber, Timber Frame, Microsoft Dynamics 365, AX2012, High level of mathematical ability, Strong commercial awareness, Material requirements"
https://www.linkedin.com/jobs/view/store-manager-at-the-vitamin-shoppe-3784244986,"Retail management, Sales culture, Leadership, Customer loyalty, Communication, Organization, Teamwork, Motivation, Hiring, Training, Development, Retail experience, Problem solving, Decision making, Time management, Multitasking, Flexibility, Health and wellness"
https://www.linkedin.com/jobs/view/registered-nurse-inpatient-behavioral-health-float-pool-at-eastern-connecticut-health-network-echn-3790277261,"Nursing, Cardio Pulmonary Resuscitation (CPR), Patient Restraint, Pain Management, Medication Administration, Documentation, Critical Thinking, Priority Setting, Delegation, Teaching, Professional Growth, Mentoring, Safe and Therapeutic Environment, Clinical Expertise, Empathy, Interpersonal Warmth, Privacy Needs, Psychological Management, Physical Management, Early Response Codes, Dr. Strong Codes, Psychotherapeutic Treatment, Individual Psychotherapeutic Interventions, NurseLed Educational and Psychotherapeutic Groups"
https://au.linkedin.com/jobs/view/trading-quantitative-analyst-energy-at-d-arcy-weil-3801028180,"Algorithmic Trading, Market Analysis, Model Development, Data Management, Collaboration, Quantitative Finance, Statistics, Programming Languages (Python R MATLAB), Machine Learning Libraries, Analytical Skills, ProblemSolving, Communication Skills, Energy Markets, Risk Management, Portfolio Optimization, Data Integrity, CrossFunctional Teams, Traders, Risk Managers, Technology Experts, MarketLeading Remuneration, Incentive Payments, Employee Share Plans, Salary Sacrifice Arrangements, Discounted Services, Wellness Programs, Study Assistance, Career Breaks, WorkLife Balance Programs"
https://www.linkedin.com/jobs/view/sales-manager-at-luxury-bath-3787730627,"Sales Management, Team Recruitment, Team Training, Customer Service, Problem Solving, Communication, MS Office, Database Management, Sales Experience, Remodeling Experience, Professional Demeanor, Attention to Detail, Background Check, Drug Screening"
https://uk.linkedin.com/jobs/view/multi-skilled-maintenance-engineer-at-willcox-matthews-3778834822,"Electrical maintenance, Mechanical maintenance, Injection moulding machinery, Quality checks, Preventive maintenance, Emergency maintenance, Safety regulations, Engineering procedures, Teamworking skills, Diagnostic skills, Problemsolving skills, Working under pressure, Electrical understanding, Threephase understanding, Singlephase understanding, Mechanical experience, Injection moulding experience"
https://ca.linkedin.com/jobs/view/site-superintendent-at-ontario-transit-group-ontario-line-southern-civil-stations-tunnel-3776939115,"Civil engineering, Construction management, Tunneling, Trackwork, Earthworks, Utility relocation, Leadership, Team management, Communication, Analytical skills, Problemsolving, Safety, Microsoft Office, Construction management software, Scheduling tools, First Aid/CPR, Construction Safety Training Systems (CSTS)"
https://www.linkedin.com/jobs/view/nurse-auditor-regulatory-compliance-hybrid-at-university-of-maryland-medical-system-3797976371,"Clinical background, RN or LPN, Hospital auditing, Joint commission, Patient criteria knowledge, Hospital coding, CMS conditions of coverage, Medicare program, Maryland Medical Assistance program, CPT coding standards, Medical necessity, Claims submission, Utilization management, Quality assurance, Charge capture, Coding, Billing, AAP"
https://www.linkedin.com/jobs/view/retail-print-and-client-services-manager-key-carrier-at-office-depot-3799836144,"Print Services, Customer Service, Sales, Retail Management, Training, Coaching, ProblemSolving, Communication, Microsoft Office Suite, POS Systems, High School Diploma, Bachelor's Degree, 3+ Years of Related Experience, 2+ Years of Retail Management Experience, Must be a Subject Matter Expert in Print Services, Advanced Selling Skills, Strong Interpersonal and Communication Skills, Adaptability, Ability to Coach and Train Others, Excellent Verbal and Written Communication Skills, Ability to Use Technology, Ability to Process Information through POS Register, Positive and Engaging Attitude, ActionOriented, Integrity Accountability and Trust, Passion for the Brand and Services, Desire to Continually Develop Personal Selling Skills and Product Knowledge, Drive for Results, DecisionMaking Quality, Patience"
https://www.linkedin.com/jobs/view/rn-fellowship-labor-delivery-at-ascension-health-at-health-ecareers-3796405519,"Nursing, Patient care, Documentation, Communication, Professional licensure, BLS Provider, American Heart Association, American Red Cross, Diploma from accredited school of nursing"
https://www.linkedin.com/jobs/view/stormwater-environmental-specialist-ii-iii-at-city-of-encinitas-3791874108,"Environmental regulations, NPDES, Stormwater management, Field inspections, Code enforcement, Report writing, Communication, GIS mapping, Water sampling, Data analysis, Pollution impacts, Chemistry, Biology, Laboratory methods, Public relations, Computer skills, Data analysis, Engineering plans, Teamwork, Communication, Interpersonal skills, Environmental studies, Environmental investigations, California Driver's License, Penal Code 832 Certification"
https://www.linkedin.com/jobs/view/oncology-rn-at-fusion-medical-staffing-3803316258,"Oncology Nursing, Critical Thinking, Service Excellence, Interpersonal Communication, PC Skills, Documentation, Epic, Epic Systems Corporation  MyChart"
https://www.linkedin.com/jobs/view/accounting-senior-specialist-at-hyundai-glovis-ev-logistics-america-3786022367,"Accounting, GAAP, IFRS, Excel, SAP, QuickBooks, Sales tax, Business license, Payroll taxes, Microsoft Suite, Office equipment, Intermediate excel skills, Accounting software, Knowledge of taxes, Bachelor's Degree in accounting or related field, 5 years of relevant experience"
https://au.linkedin.com/jobs/view/registered-nurse-enrolled-nurse-morningside-brisbane-at-access-telehealth-3781863456,"Telehealth, Nursing, Clinical management, Coordination, Problemsolving, Communication, Customer service, IT skills, Documentation, AHPRA Nursing Registration, Aged Care experience, Leadership, Driver's license, Reliable vehicle, Organization, Time management, Personcentered care"
https://uk.linkedin.com/jobs/view/private-client-solicitor-at-tiptopjob-3799458539,"Private Client Law, Estate Planning, Probate, Trusts, Taxation, Succession Planning, Wills, Powers of Attorney, Legal Solutions, Caseload Management, Legal Advice, Candidate Care"
https://www.linkedin.com/jobs/view/government-sector-project-control-finance-supervising-associate-at-ey-3762360220,"Microsoft Office Suite proficiency, Advanced Excel skills, Financial modeling in Excel, Planning and engagement financial management tools, Problem solving orientation, Collaborative working relationships, Crossfunctional stakeholder alignment, Leadership and execution skills, Oral written and interpersonal skills, Bachelor's in Accounting Finance or related field, Extensive FAR/CAS knowledge, CAS and FAR Part 31 understanding, Project accounting knowledge, Government contractor finance experience, Project control role experience, Supervisory/mentor experience, Experience in government audit, Deltek Costpoint experience, Experience implementing government compliant accounting systems, Project control policies and procedures experience, Security clearance ability, Continuous learning, Success and leadership mindset, Diverse and inclusive culture"
https://www.linkedin.com/jobs/view/personal-trainer-at-fitness-on-fire-llc-3701717549,"Fitness training, Workout planning, Nutritional guidance, Progress tracking, Customer service, Public speaking, Motivation, Inspiration, CPR certification, AED certification, Degree in Kinesiology, Exercise Fitness degree, NASM certification, ACSM certification, ACE certification, Cooper Institute for Aerobics Research certification, C.H.E.K certification, IFPA certification, NCSF certification, NESTA certification, NFPT certification, NSCA certification, PTA Global certification, ISSA certification"
https://www.linkedin.com/jobs/view/rhrp-dentist-at-dentrust-optimized-care-solutions-3743660802,"General Dentistry, Endodontics, Oral Surgery, Restorative Dentistry, CPR, BLS Certification, Computer Proficiency, Weekend Availability, Dental License, Mobile Dentistry, Military Experience"
https://www.linkedin.com/jobs/view/airport-customer-service-agent-vrb-at-unifi-3799083668,"Customer service, Baggage handling, Computer software, Problemsolving, Lifting, Carrying, Pushing, Pulling, High school diploma, GED, Driver's license, Drug screen, Background check, Airport authority identification security, Ramp and SIDA training, Radio equipment"
https://www.linkedin.com/jobs/view/senior-assistant-store-manager-at-spencer-s-3790823073,"Retail management, Merchandising, Inventory control, Company policies and procedures, Prior retail experience, Prior management experience, Standing, Walking, Climbing ladders, Lifting up to 50 pounds"
https://uk.linkedin.com/jobs/view/senior-quality-engineer-at-bp-3803946787,"Agile, Analytical Thinking, Collaboration, Communication, Continuous Improvement, Creativity/Innovation, Customer Quality Requirements, Digital Fluency, Quality Audit, Quality in Design, Quality Management Systems, Quality Planning, Root Cause Investigations, Supplier Quality Management, Sustainability Awareness/Action"
https://www.linkedin.com/jobs/view/clinical-nurse-iv-at-highland-general-hospital-at-health-ecareers-3787551050,"Leadership, Patient Care, Communication, Supervision, Quality Assurance, Documentation, Staff Development, Budgeting, Bed Management, Patient Flow, Prioritization, Resource Allocation, Staffing, Scheduling, Critical Care Nursing, Advanced Cardiac Life Support, Chemotherapy Certification, Basic Life Support, Emergency Nursing, Public Health Nursing, Perinatal Safety Modules, Coronary Care Unit Certification, Crisis Prevention Intervention Training, Mobile Intensive Care Nursing, Neonatal Resuscitation Program Certification, Pediatric Advanced Life Support Certification, Trauma Nurse Core Course, Bachelor's in Nursing, CPR"
https://www.linkedin.com/jobs/view/senior-sanitation-lead-at-abm-industries-3797952977,"Facility Sanitation, Sanitation Schedule Management, HACCP, GMPs, Chemical Inventory Management, Safety Regulations, Leadership Development, High Pressure Guns, Portable Foamers, Scrubbers, Color Coded Equipment, Audible Alarms, Manufacturing Sanitation, Sanitation Procedures, Cleaning Procedures, Facility Work Rules, Ladder Climbing, Confined Space Entry, Power Equipment Operation, Lifting, Communication, Safety Procedures, High School Diploma, Ability to Read and Comprehend, Ability to Record Information"
https://www.linkedin.com/jobs/view/assistant-manager-at-gpm-investments-llc-3795212608,"Assistant Manager, Customer service, Inventory management, Financial management, Recruitment, Training, Scheduling, Communication, Teamwork, Problemsolving, Attention to detail, Ability to work independently, Ability to work under pressure, Flexibility, Adaptability, Selfmotivation, Initiative, Leadership, English proficiency, Basic math skills, Ability to pass a preemployment drug screen and background check, Willingness to learn and grow, Topshelf Manager Training (if applicable), Weekly paychecks, Monthly bonuses, Career advancement opportunities, Generous 401(k) plan, Paid time off, Insurance benefits, 18 years of age or older (AR CT FL LA MI MA MS MO NC SC TX TN AZ and CO), 21 years of age or older (all other states), Access to a car or other motorized vehicle, Liability insurance on such vehicle, EVerify participation"
https://ca.linkedin.com/jobs/view/aum%C3%B4nier-aum%C3%B4ni%C3%A8re-at-canadian-armed-forces-forces-arm%C3%A9es-canadiennes-2390043543,"Chaplaincy, Spiritual, Religious, Pastoral, Support, Ceremonies, Ethics, Leadership, Military, Theology, Counseling, Pastoral Care, Public Speaking, Administration, Liaison, Communication, Interpersonal Skills, Compassion, Conflict Resolution, Crisis Intervention, Teamwork, Problem Solving, Conflict Resolution, Emotional Intelligence"
https://uk.linkedin.com/jobs/view/senior-electronic-design-engineer-at-energy-jobline-3789068384,"Electronics Design Engineering, Motor Controller Design, Microcontrollers, Microprocessors, 12V/48V Motor Controllers, Highend Automotive Sector, High Performance Automotive Sector, Onsite Work, Private Healthcare, Life Assurance, Salary Sacrifice Car Scheme, Flexible Hours, Recognition Awards"
https://www.linkedin.com/jobs/view/lead-social-services-assistant-at-usda-3662856014,"Commercial Driver's License, Graduate Level Coursework, Social Behavior, Human Behavior, Psychology, Health Care, Leadership, Orientation, Performance Standards, Supervision, Counseling, Volunteer Work, Career Development Plan, U.S. Citizen, Selective Service Registration, Background Investigation, Fingerprint Check, Probationary Period, Direct Deposit, EVerify Check, Drug Test, Swing Shift, Night Shift"
https://www.linkedin.com/jobs/view/travel-rn-med-surg-telemetry-at-atlas-medstaff-3805280115,"Telemetry, Nursing, Medical/Surgical, Registered Nurse, 13 weeks contract, 12hour shifts, 36 hours per week, Dayshift, Travel nursing, Taxfree stipend, Health insurance, Dental insurance, Vision insurance, 401k with matching, Telehealth services, Voluntary term life insurance, Dependent life coverage, Inhospital cash plans, Online portal for benefits management, Adventure opportunities (e.g. skiing mountain climbing skydiving spa weekends), Awards and recognition for company and travelers"
https://www.linkedin.com/jobs/view/rn-pediatrics-nights-pittsfield-ma-%23a-rn-46623-24148598expplat-at-travelnursesource-3797798771,"Pediatrics RN, Meditech Expanse, BSN, BLS (AHA), ACLS (AHA), PALS (AHA), Massachusetts license, COVID19 Vaccination"
https://www.linkedin.com/jobs/view/prn-occupational-therapy-assistant-at-rivetus-rehabilitation-3798317959,"Occupational Therapy, Medical Record Maintenance, AOTA Standards, Patient Care Plans, Documentation, CQI, Continuing Education, Accredited Occupational Therapy Program, Michigan Licensure, Lifting Devices, Reliability, Travel"
https://uk.linkedin.com/jobs/view/managing-quantity-surveyor-at-ejl-official-partner-3805947653,"Quantity Surveying, Financial Strategy, Project Performance Reviews, Variation and Specification Changes, Value Capture, Subcontract Buying Gains, Cost Delivery Data, Estimating, Commercial Reportage, IT Skills, MS Office, Excel, Project, Word, Social Housing Responsive Maintenance, Senior Quantity Surveying / Managing QS, Commercial Models, PPP, PP, SOR's, Influencing & Negotiating, Critical Analysis, TPC, NEC, JCT"
https://www.linkedin.com/jobs/view/veterinarian-at-banfield-pet-hospital-3743752243,"Communication skills, Surgical skills, Mathematical skills, Computer skills, Compassionate commitment, Client service skills, Organizational ability, Microsoft Office (Word Excel Access Outlook), Banfield Pet Hospital specific software, Doctor of Veterinary Medicine (DVM/VMD), Veterinary License, Drug Enforcement Agency License"
https://www.linkedin.com/jobs/view/sap-fscm-manager-at-accenture-3786586508,"SAP, S/4HANA, SAP Financials, SAP Sales & Distribution, SAP FSCM, SAP AR/FSCM, SAP Concur, SAP SuccessFactors, SAP Ariba, SAP Hybris, SAP FieldGlass, SAP ERP, SAP Financials, Agile development methodologies, Design thinking, Cloud, Automation, AI, Data analytics, Problemsolving, Project management, Team leadership, Communication, Collaboration, Integration, Testing, Cutover activities, Golive preparation, Performance testing, Training, Clientfacing consulting, Migration, General Ledger Accounting, Accounts Receivable, Accounts Payable, Fixed Assets, Product Costing/Actual Costing/Material Ledger, Cost & Profit Center Accounting, Internal Orders"
https://uk.linkedin.com/jobs/view/respiratory-physiologist-at-your-world-recruitment-group-3775397110,"Respiratory Physiology, Lung Function Testing, Bronchoprovocation Testing, Sleep Studies, ABG/CBG, 6 Min Walk Test, CPAP Treatment, Clinical Reviews, Technical Reviews, Communication Skills, Relationships Building, NHS Experience, Fully Compliant File, Eligibility to Work in UK, ARTP Part 1 and 2, BSE in Clinical Physiology"
https://www.linkedin.com/jobs/view/premium-auditor-at-berkshire-hathaway-guard-insurance-companies-3795268264,"Premium Audit Associate, Workers Compensation, Business Owner Policies, Class Codes, Payroll, Sales, Subcontractor Costs, Chargeable Exposures, State Laws, Manuals, Telephone Interviews, Audit Worksheets, File Documentation, Applications, Internet Searches, Excel, Proprietary Policy System, Classroom Training, HandsOn Training, CrossTraining, Intro to Insurance Course, Premium Auditor Manual, Oral Communication, Written Communication, Attention to Detail, Accuracy, Accounting, Finance, Business Administration, Organizational Skills, Computer Proficiency"
https://www.linkedin.com/jobs/view/rn-sexual-assault-nurse-examiner-per-diem-varied-shifts-emergency-services-at-penn-state-health-3591742732,"Registered Nurse, BLS, Medicalforensic exams, Prophylaxis, Photographic documentation, Legal proceedings"
https://www.linkedin.com/jobs/view/shift-manager-at-mcdonald-s-3445640766,"Customer Service, Food Production, Food Safety, Communication, Scheduling, Inventory Management, Safety and Security, Quality Control, Maintenance, Team Management, Training, English as a Second Language, College Tuition Assistance, Medical Dental and Vision Coverage, Short and LongTerm Disability, Life and Accident Insurance, Referral Bonus Program, Free Employee Meals and Discounts, Free Uniforms, McPerk Program, Paid Vacation, Paid OntheJob Training"
https://www.linkedin.com/jobs/view/registered-nurse-full-time-days-medical-nursing-at-singing-river-health-system-3768814865,"Nursing, Patient Care, Nursing Process, MS Nurse Practice Act, ANA Nursing Scope and Standards of Practice, ANA Code of Ethics for Nurses, Joint Commission Standards, CDC Guidelines for Infection Control, SRHS Departments of Nursing Plan for Provision of Care Treatment and Services, NLN School of Nursing, Mississippi State licensure, BCLS certification, ACLS certification, PALS certification, TNCC certification, NRP (Neonatal Resuscitation) certification, Inpatient clinical experience, Patient Care Manager, LPNs, Patient Care Assistants, Unit Technicians, Computer keyboard, MS Outlook, Word"
https://www.linkedin.com/jobs/view/housing-manager-ha-at-city-of-new-york-3792632606,"Property Management, Housing Management, Microsoft Office Suite, NYCHA policies and procedures, Authority computer systems, Seibel, Maximo, Tenant Turnover Log (TTL), PHAS, HUD regulations, Fair Housing Laws, LandlordTenant Law, OSHA, Department of Housing and Urban Development (""HUD"") rules and regulations, Budget preparation and monitoring, Rent calculation and adjustments, Procurement process, Report writing, Communication skills, Interpersonal skills, Problemsolving skills, Decisionmaking skills, Supervisory skills, Training skills, 55a Program, Residency Requirement"
https://www.linkedin.com/jobs/view/manager-in-training-at-circle-k-3803347127,"Leadership, Management, Retail Sales, Customer Service, Cash Control, Inventory Control, Communication, Employee Training, Budgeting, Financial Analysis, Sales Analysis, Problem Solving, Time Management, English (written and verbal), Computer literacy, Microsoft Office Suite, Ability to work independently and as part of a team, Ability to work in a fastpaced environment, Ability to work under pressure, Ability to meet deadlines, Ability to lift heavy objects, Ability to work in a cold environment"
https://www.linkedin.com/jobs/view/hair-stylist-city-plaza-at-tampa-palms-at-jobs-for-humanity-3805450218,"Hair stylist, Barber, Cosmetology license, Barber license, Customer service, Teamwork, Communication, Positive attitude, Passion for haircutting"
https://www.linkedin.com/jobs/view/wellness-advisor-sales-assocaite-new-hire-bonus-full-time-north-asheville-at-massage-envy-3580253189,"Customer service, Sales, Team work, Communication, Organizational skills, Time management, Scheduling, POS systems, Basic computer skills, Ability to learn and adapt, Ability to work independently, Ability to work as part of a team, Ability to meet deadlines, Ability to handle stress"
https://www.linkedin.com/jobs/view/charge-rn-main-or-at-dignity-health-3777022499,"Charge Nurse, Leadership, Clinical Resource, Nursing Leadership, Planning, Delivery, Quality Patient Care, Collaboration, Physician, Interdisciplinary Team, Patient/Family, Role Model, Technical Competence, Clinical Competence, Problem Solving, Decision Making, Clinical Operations, Coordination, Assignments, Delegation, Clinical Care, Patient Placement, Unit Flow, Patient Flow, Staffing, ProductivityBased Staffing Matrix, Resource Requesting, Patient Need, Census, Workload Fluctuations, Staffing Plan, Rest Breaks, Meal Breaks, Sitter Usage, Monitoring, First Point of Contact, Department Chain of Command, Clinical Needs, Complaint Investigation, Service Recovery, Incident Reporting, Management Apprisal, Care Coordination, Collaboration, Communication, InterDisciplinary Team, Quality Initiatives, SafetyFirst Requirements, Mentoring, Coaching, Conflict Management, Staff Competency Development, Performance Evaluation, Feedback, Performance Review, Regulatory Monitoring, Auditing Requirements, Clinical Specialty Experience, Charge Nurse Experience, Registered Nurse License (Washington State), American Heart Association Healthcare BLS Certification, Specialty Certification"
https://www.linkedin.com/jobs/view/sr-scheduler-check-out-at-the-us-oncology-network-3800609346,"Microsoft Office (Outlook Word Excel), Medical terminology, Coding, Communication skills, Scheduling, Patient care, Customer service, Data entry, Problemsolving, Adaptability, Work commitment, Quality assurance, Office environment, Patient confidentiality, Typing, Copier, Calculator, Telephone"
https://www.linkedin.com/jobs/view/contact-center-specialist-hourly-support-5-facilities-%E2%80%93-lakeland-at-publix-super-markets-3801182812,"Customer service, Call center, MS Office, Computerized Maintenance Management System, Crystal Reports, Problem management, Escalation process, Publix organizational structure, Continuous Quality Improvement, Teamwork, Enthusiasm, Initiative, Commitment, Associate's Degree in Business, 401(k) retirement savings plan, Group health dental and vision plans, Free hot lunches"
https://www.linkedin.com/jobs/view/senior-php-developer-at-mindpal-3764987302,"PHP, Laravel, Symfony, Zend Framework, MySQL, PostgreSQL, MongoDB, HTML, CSS, JavaScript, Vue.js, React, Git, Troubleshooting, Optimisation, English, Web applications, Databases, Remote working, Backend solutions"
https://www.linkedin.com/jobs/view/system-engineer-at-darkstar-intelligence-3787781166,"Systems Engineering, ISO/IEC 15288, Stakeholder Engagement, Risk Management, Project Planning, Technical Design, Decision Management, Aerospace Engineering, Biomedical Engineering, Chemical Engineering, Civil Engineering, Computer Engineering, Electrical Engineering, Environmental Engineering, Mechanical Engineering, Nuclear Engineering, Software Engineering, Systems Engineering, Engineering Management, Chemistry, Computer Science, Information Systems, Mathematics, Physics, Analytical Skills, Top Secret/SCI Clearance, Full Scope Polygraph, Bachelor's Degree, Master's Degree, PhD, GED"
https://www.linkedin.com/jobs/view/mental-health-technician-float-unit-belle-mead-ft-at-hackensack-meridian-health-3729891344,"Patient Care Services, Vital Signs, Psychoeducational Group Sessions, Crisis Intervention, Daily Living Activities, Laundry, Bathing, Toileting, Interpersonal Relationships, Appropriate Behavior, High School Diploma, AHA Basic Health Care Life Support HCP Certification"
https://www.linkedin.com/jobs/view/financial-advisor-associate-at-morgan-stanley-3557058891,"Finance, Wealth Planning, Investment Strategies, Product Knowledge, Business Development, Management, Sales, Legal, Accounting, Networking, Financial Planning Specialist (FPS), Securities Industry Essential (SIE) Exam, Series 7, Series 66, Bachelor's degree, Problem Solving, Communication, Presentation, Time Management, Organization, Business Development, Background Check, PreEmployment Assessments, Problem Solving, Listening, Financial Solutions"
https://www.linkedin.com/jobs/view/bi-developer-at-justrite-manufacturing-company-l-l-c-3800565925,"BI, DW, ETL, Power BI, SQL, SSIS, SSMS, Visual Studio, SharePoint, Microsoft Power Apps, Data warehouse, Multidimensional database, Kimball Method, Agile, Power BI, Analyze in Excel, SQL Server, SSIS, SSMS, Visual Studio, SharePoint, Selfmotivated, Communication skills, Fastpaced work environment, Logical & analytical skills, Computer Science degree, 3 years of data warehouse design and implementation experience, 3 years of data analytics and reporting experience, Medical Dental & Vision benefits, Health Care Savings Accounts, Flexible Spending Accounts, Paid time off, 401K, Short Term Disability, Long Term Disability, Employee Assistance Program, Employee Wellness Program, Tuition Reimbursement Program"
https://www.linkedin.com/jobs/view/district-manager-zales-san-francisco-valley-area-at-signet-jewelers-3802340505,"Sales, Profit, Leadership, Training, Company policies and procedures, Corporate Mission Statement, Guest first philosophy, Sales projections, Sales quotas, GEI performance, Productive relationships, Teamwork, Cooperation, Operations, Staffing, Sales leadership, Recruiting, Hiring, Store staffing, Compliance, Policies, Systems, Procedures, Sales management programs, Performance monitoring, Behaviorbased feedback, Standardized training, Performance standards, Execution of tasks, Oneonone training, Market monitoring, Corporate competition analysis, Trend communication, Conduct, Role model, Standards of Conduct, Business Ethics, Sales performance, Net profit performance, Payroll budgets, Corporate wage rate plans, Time Records system procedures, Payroll management, Labor scheduling programs, Guest traffic patterns, Administrative needs, Recruiting, Succession planning, Training and development, Store Management Team, Sales Team, Business meetings, Compliance, Diversity Training, Sexual Harassment, Diamond Tradeins, Guest Service, Merchandise Recalls, Handling, Discounting, Repair Sales, Margin, Store Administration, Credit, Visual Display, Loss Prevention, Staffing, Warranties, Policies, Systems, Procedures, Store operations, Leading, Training, Enforcing compliance, Email, Internet, Communication, Selfguided training"
https://www.linkedin.com/jobs/view/senior-lab-technician-power-systems-at-electric-hydrogen-3786148997,"Electrical Engineering, Lab Management, Testing and Analysis, Prototype Building, Soldering, Electronics Assembly, Component Level Debugging, Equipment Installation, Electronics Test Equipment, Manual Dexterity, Magnification Assistance, Oscilloscopes, Signal Generators, Power Supplies, Cell Phone Allowance, Employer Sponsored 401(k), Private Healthcare (potential dependent on eligibility), Dental Insurance (potential dependent on eligibility), Vision Insurance (potential dependent on eligibility), Life Insurance (potential dependent on eligibility), Disability Insurance (potential dependent on eligibility), Discretionary Bonus (dependent on performance)"
https://www.linkedin.com/jobs/view/store-manager-unassigned-at-family-farm-home-3800417841,"Leadership, Team management, Merchandising, Shrink control, Store operations, Local market knowledge, Customer service, Hiring, Coaching, Counseling, Disciplining, Firing, Performance evaluation, Store morale, Delegation, Feedback, Budgeting, Financial analysis, Sales strategy, Inventory management, Asset protection, Safety compliance, Policy enforcement, Numerical analysis, Data interpretation, Detail orientation, Multitasking, Physical stamina, Communication skills"
https://www.linkedin.com/jobs/view/rn-clinical-lung-transplant-coordinator-at-corewell-health-3669946060,"Transplant Coordination, Nursing, Patient Care, Communication, Teamwork, Problem Solving, Research, Teaching, Education, Documentation, UNOS Guidelines, Discharge Planning, Organ Procurement, Blood Bank, ACLS, BLS, CCTC, Critical Care, Physical Demands, Visual Acuity, Color Vision, Fulltime, 40 Hours per Week, 8am to 4:30pm, Monday to Friday, Drugfree Workplace, MMR Varicella Tdap Influenza Vaccine, Reasonable Accommodations, Equal Employment Opportunity, Diversity Equity and Inclusion"
https://www.linkedin.com/jobs/view/travel-allied-health-professional-ct-technologist-at-springboard-health-3784691287,"CT Technologist, Allied Health, Radiology, CT Scanning, Healthcare Travel"
https://www.linkedin.com/jobs/view/talent-and-culture-manager-learning-and-development-at-athenahealth-3797074254,"Talent Management, Onboarding, New Hire Orientation, Learning and Development, FranklinCovey, LinkedIn Learning, Cornerstone LMS, Workday, HR Business Partner, Industrial and Organizational Psychology, HR Talent Practices, Design, Teaching, Collaboration, Diversity, Inclusion, Equality, WorkLife Balance, Flexible Work Arrangements, Employee Benefits, Corporate Social Responsibility, STEM Education, Healthcare Technology, Healthcare Management, Employee Experience"
https://www.linkedin.com/jobs/view/host-at-j-alexander-s-restaurants-3804474384,"Hospitality Industry Experience, Restaurant Server Training, Customer Service, Guest Relations, Flexible Schedule, Can Work Nights and Weekends, 401(k) with Company Match, Tuition Reimbursement, Opportunity for Upward Growth"
https://www.linkedin.com/jobs/view/full-time-sales-lead-chico-s-at-chico-s-fas-inc-3791786338,"Sales Leadership, Sales and Promotion Knowledge, Merchandise Handling and Presentation, Loss Prevention, Sales and Productivity Goals, Product Knowledge, Locate Fulfillment, Team Motivation, Inclusive Collaboration, Problem Solving, Communication and Feedback, Customer Service Principles, Product Knowledge, Clienteling and Wardrobing, Customer Concerns Resolution, Register Operations, Customer Communication, Training and Development, Performance Appraisals, Associate Engagement, Employment Practices and Policies, Communication, Adaptability to Technology, Administrative Skills, Multitasking, Customer Interaction, Regular Attendance, Flexible Work Schedule, Physical Requirements, Walking/Standing, Lifting, Climbing"
https://www.linkedin.com/jobs/view/junior-faculty-beam-summer-away-at-bridge-to-enter-advanced-mathematics-beam-3800633461,"Mathematics, Teaching, Curriculum design, Handson learning, Problem solving, Communication, Teamwork, Community building, Mentorship, Lesson planning, Math circles, Extracurricular outreach programs, Summer programs, College campus, Zoom, Resumé, Course proposal, Sample lesson, Interview"
https://www.linkedin.com/jobs/view/executive-assistant-investment-management-23265-at-daley-and-associates-llc-3733166170,"Calendar management, Scheduling, Travel coordination, Office management, Expense reporting, Outlook, Communication, Client relations, Vendor relations, Travel arrangements, Event planning, Administrative support, Special projects, Time management, Organizational skills, Problemsolving, Prioritization, Communication, Interpersonal skills, Teamwork, Technical skills, Positive attitude, Collaboration"
https://www.linkedin.com/jobs/view/licensed-professional-counselor-lpc-clark-nj-at-lifestance-health-3795856030,"Psychotherapy, Telemedicine, Social work, Clinical counseling, Digital technology, Medical healthcare services, Outpatient care, Psychiatry, Psychology, Mental health, Health, Dentistry, Vision, Life insurance, 401k, Paid parental leave, Holidays, EAP, Work/life balance, Longterm incentive stock award, Child/Adolescent populations, NJ license, Licensed Clinical Social Worker (LCSW), Licensed Marriage and Family Therapist (LMFT), Licensed Professional Counselor (LPC)"
https://www.linkedin.com/jobs/view/cornea-surgeon-partnership-opportunity-kalamazoo-mi-at-ocular-ophthalmic-recruiting-solutions-3626322767,"Cornea, Kalamazoo, Practice Administrator, Surgery, Lasik"
https://www.linkedin.com/jobs/view/senior-field-engineer-at-energy-jobline-3773719839,"Field Service Engineer, DCS, PLCs, Programming, Support, Technical Education, Customer Service, Problem Solving, Installation, Operation, Modification, Repair, Bachelor's Degree, Engineering, Computer Science, 6+ Years Experience, Travel (up to 70%), Hybrid Work Option (up to 2 days a week), Competitive Salary ($87000$97000 annually), Comprehensive Benefits Package, Diversity and Inclusion, Training and Development Opportunities"
https://www.linkedin.com/jobs/view/retail-business-training-manager-at-more-than-words-3790762912,"Retail experience, Inventory management, Customer service, Social media marketing, Leadership, Team management, Training, Communication, Troubleshooting, Problemsolving, Time management, Attention to detail, Accountability, Driver's license"
https://www.linkedin.com/jobs/view/lead-sales-associate-ft-at-dollar-general-3683972289,"Customer service, Sales, Cashier operations, Stocking, Cleaning, Planogram implementation, Cash handling, Safety, Communication, Mathematical calculations, Interpersonal skills, Merchandising, Physical labor"
https://www.linkedin.com/jobs/view/rws-theatrical-stitcher-at-rws-global-3787737970,"Theatrical Stitching, Costume Construction, Hand and Machine Sewing, Tailoring, Alterations, Garment Construction, Quick Rigging, Collaboration, Communication, Time Management, Teamwork, Physical Strength, Experience in Live Entertainment, Attention to Detail"
https://www.linkedin.com/jobs/view/registered-nurse-%E2%80%93-emergency-room-travel-er-rn-24205239expplat-at-travelnursesource-3804664190,"ER Nurse, Trauma Nurse, Acute Care Nurse, Registered Nurse, RN, Nursing, Nurse, Emergency, Healthcare, Health Care, Hospital, ACLS, PALS, BLS, NIHSS, TNCC, Deescalation, NM RN License, SSN, DOB, 50 Mile Radius, Competitive Pay, Free Private Housing, Medical, Dental, Vision, 401(k), Flex Spending, Life Insurance, Accident and Shortterm Disability Coverage, Free Continuing Education"
https://www.linkedin.com/jobs/view/customer-service-rep-overnights-ft-pt-at-holiday-stationstores-3762891128,"Customer service, Team work, Communication, Problem solving, Sales, Cashiering, Retail experience, High school diploma, Standing and walking, Lifting and carrying, Reaching and grasping, Bending, Pushing and pulling"
https://www.linkedin.com/jobs/view/hourly-supervisor-training-at-walmart-3780671322,"Leadership, Training, Supervision, Merchandise, Financial performance, Communication, Math"
https://www.linkedin.com/jobs/view/rn-manchester-memorial-hospital-young-adult-behavioral-health-unit-at-rgh-at-eastern-connecticut-health-network-echn-3790276412,"Nursing, Behavioral Health, Geriatric Psych, Adult Behavioral Health, Adolescent Behavioral Health, Eating Disorders, CPR, PMT, Deescalation Techniques, Microsoft Office Suite, English (verbal and written), Patient Restraint, Valid Driver's License, Auto Insurance, Vehicle Registration, Pain Management, Medication Administration, Critical Thinking, Delegation, Teaching, Professional Development, Mentoring, Patient Safety, Therapeutic Environment, Empathy, Interpersonal Warmth, Privacy, Psychological Management, Physical Management, Early Response Codes, Dr. Strong Codes, Psychotherapeutic Treatment, Group Therapy"
https://www.linkedin.com/jobs/view/shift-leader-993-at-panda-restaurant-group-3378752070,"Team leadership, Operations experience, Food safety, Food handler certification, Communication skills, Conflict resolution, Customer service, Kitchen equipment, Fastpaced environment, Physical stamina, Heat tolerance, Standing for long periods, Lifting heavy objects, Reach across counter tops, Noise tolerance, Limited storage space, High shelving, Food preparation, Cooking, Chinese cook knife, Food safety, ADA compliance"
https://uk.linkedin.com/jobs/view/senior-mechanical-design-engineer-at-l3harris-technologies-3799312621,"Mechanical Engineering, Design Engineering, CAD, 3D CAD, Solid Works, SolidWorks PDM, Systems Engineering, Geometric Tolerancing, StackUp Analysis, BS8888, Design Office practices, Technical Report Writing, DFMA, Design to Cost, FEA, CFD, BEng, BSc, MSc, MEng, IMechE, IET, UK nationality, Security Clearance, Right to work in the UK, Classified Information"
https://www.linkedin.com/jobs/view/wireless-sales-expert-at-marketsource-inc-3800700044,"Retail sales, Training, Marketing, Advertising, Merchandising, Public relations, Customer service, Product demonstrations, Sales productivity, Sidebyside selling, Instore promotions, Wireless products, Accessories, Services, Carriers, Product offerings, Relationship building, Business relationships, Store management, High school diploma, GED, Work ethics, Personal integrity, Character, Positive attitude, Communication skills, Technology skills, Flexibility, Standing, Heavy lifting, Fastpaced environment"
https://www.linkedin.com/jobs/view/internal-medicine-at-b-e-l-associates-inc-3778126234,"Internal Medicine, Outpatient Practice, Hospitalist Service, Base Salary, Quality Incentive Program, Productivity Incentives, SignOn Bonus, Retention Bonuses, Health Benefits, CME, J1 Visa, H1b Visa, Board Certified or Board Eligible Medical Doctor, US Residency, US Work Visa"
https://www.linkedin.com/jobs/view/teller-bilingual-part-time-at-wells-fargo-3799421390,"Customer service, Bilingual (Spanish/English), Cash handling, Banking procedures, Bank products, Problem escalation, Fraud identification, Risk management, Policy adherence, Teamwork, Time management, Prioritization, Communication, Integrity, Professionalism, Military experience, Relationship building, Proactive sourcing, Acquiring, Building, Maintaining relationships"
https://www.linkedin.com/jobs/view/retail-stocking-team-supervisor-at-burlington-stores-inc-3800065883,"Retail, Management, Leadership, Team Supervision, Merchandise Progression, Asset Protection, Sales Floor Operations, Customer Service, Safety Compliance, Policy Enforcement, Team Productivity, Coaching, Recruiting, Scheduling, Community Relations, Interpersonal Skills, Supervisory Experience, OffPrice Environment, Physical Strength, Standing and Walking"
https://www.linkedin.com/jobs/view/branch-manager-at-froehling-robertson-inc-3800435185,"Civil/Structural/Materials/Geotechnical Engineering, Environmental/Construction Management, Construction Materials Special Inspection & Testing, Geotechnical engineering, Departmental management, Managerial leadership, Team leading, Staff mentoring, Business development, Proposal preparation, Quality assurance, Development and mentoring of professional technical & administrative personnel, Core Values, Communication, Coaching, Accountability, Goal setting, Client relationships, Professional growth and advancement, Paid time off, 401K retirement, Company Laptop, Employee Professional Development, Annual Business Planning, Profit and Loss"
https://www.linkedin.com/jobs/view/research-associate-immediate-start-at-third-bridge-group-limited-3798853710,"Communication skills, Research skills, Understanding of business world, Financial markets knowledge, Diligence, Teamwork, Positive attitude, 4year college degree, 02 years work experience, Curiosity, Drive, Ambition"
https://www.linkedin.com/jobs/view/petroleum-inspector-at-sgs-consulting-3785642252,"Bulk Liquid or Gaseous Hydrocarbon, Chemical Cargo Supervision Services, Gauging, Sampling, Reconciliation of Transfer, Shore Tank, Barge, Ship, SGS Operational Excellence Practices, Industry Standards, American Petroleum Institute (API) Procedures, Technical Processes, Methodologies, Calculating and Reporting Quantifies, Bulk Liquid or Gaseous Hydrocarbon Transferred, Completion of Reports and Forms, SGS Propriety Ship Inspection Report (SIR), Site Acceptance Test (SAT) Systems, Communication with Business Unit Staff, Knowledge of Industry Client and SGS Standards, Adherence to SGS Code of Integrity, BackOffice Support, Housekeeping"
https://www.linkedin.com/jobs/view/emergency-medicine-sr-physician-assistant-at-the-johns-hopkins-university-3747651785,"CPR, BLS, ACLS, Licensure, Certification, Suturing, Wound care, Orthopedic care, Medication initiation and prescription, Medical documentation, Consultation and referral, Evidencebased guidelines, Clinical protocols, Emergency medicine, Physical assessment, Diagnostic orders, Case discussion, Life support, Patient safety, Infection control, Universal precautions, Bachelor's Degree, NCCPA certification, CAAHEP certified Physician Assistant program, Physician Assistant experience, Residency or fellowship"
https://www.linkedin.com/jobs/view/92y-unit-supply-specialist-warehouse-manager-at-jobsinlogistics-com-3799523369,"Military enlistment, High school education, Physical and legal standards, Citizenship, Medical and food supplies handling, Mathematics, Bookkeeping, Accounting, Business administration, Typing, Accurate records keeping, Physical work, Forklifts and warehouse equipment operating, Stock control clerk, Parts clerk, Storekeeper, Basic training, Advanced individual training, Classroom and field training, Combat conditions, Paid training, Monthly paycheck, Montgomery GI Bill, Federal and state tuition assistance, Retirement benefits, Life insurance, 401(k)type savings plan, Student loan repayment program, Health care benefits, VA home loans, Bonuses"
https://www.linkedin.com/jobs/view/warehouse-customer-service-representative-first-shift-at-ryder-supply-chain-solutions-3798395098,"Microsoft Excel, Microsoft Word, Microsoft PowerPoint, Warehouse Management Systems (WMS), Forklift Equipment Operation, Filing Systems, Inventory Management, Transportation Coordination, Shipping, Receiving, Customer Service, Communication, Problem Solving, Decision Making, High School Diploma or Equivalent, Experience as a Clerk in a Warehouse/Distribution Environment"
https://www.linkedin.com/jobs/view/senior-accountant-at-nevada-national-security-sites-3767165670,"Oracle eBusiness Suite, Accounting, Business Administration, Government Contracting, Information Technologies (IT), Project Controls, Oracle cost processing, System Setups, Budgeting, Data Analysis, Communication Skills, ProblemSolving, Organizational Skills, Interpersonal Skills, HSPD12 Personal Identity Verification, Identity Credential and Access Management, Background Screening, US Citizenship"
https://www.linkedin.com/jobs/view/architect-city-of-birmingham-at-city-of-birmingham-3798395596,"Architect, Architecture, Design, Development, Construction, AutoCAD, Revit, SketchUp, Building codes, Building regulations, Project management, Client relations, Budgeting, Contracts, Specifications, Construction documents, Permitting, Inspection, NCARB, ICS, Driver's license, Alabama Architect License"
https://www.linkedin.com/jobs/view/lead-sales-associate-at-petco-3726235224,"Customer service, Sales, Retail, Animal care, Animal nutrition, Animal wellness, Pet grooming, Pet training, Pet photography, Pet vaccination, PETCO PetNet, POLARIS, Microsoft Office, High school diploma or GED, 2+ years experience in animal nutrition care/wellness/treatment, 1+ year in retail, Basic computer skills, Internet research, PETCO certification, Nutrition certification, PIJAC certification (California only), Knowledge of grooming salon program certification, Familiarity with dog training, Familiarity with photography and vaccination schedules, Ability to bend kneel lift (up to 50 pounds) and stand for long periods"
https://www.linkedin.com/jobs/view/customer-service-representative-at-circle-k-3727863399,"Customer service, Retail experience, Sales associate, Cashiering, High school diploma, Communication, Teamwork, Problemsolving, Physical stamina, Ability to lift and carry, Ability to grasp reach and manipulate objects, Ability to bend at the waist, Ability to push/pull with arms, Ability to climb a ladder"
https://www.linkedin.com/jobs/view/senior-ddi-network-engineer-at-epic-3505987561,"DNS, DHCP, IPAM, DevOps, CI/CD, TCP/IP, Windows DNS, Infoblox, BIND, Powershell, Python, Go, Security"
https://www.linkedin.com/jobs/view/surgical-technician-prn-at-mission-health-3774310624,"Surgical Technician, BCLS certification, Associates of Applied Science in Surgical Technology, LPN, NC license, Clinical experience, Perioperative team, Surgical Technologist"
https://www.linkedin.com/jobs/view/civil-design-engineer-at-w3global-3749388977,"Civil engineering, AutoCAD Civil 3D, Hydrology modeling programs, Microsoft Office, Verbal communication, Written communication, PE certification, EIT certification, Bachelor's degree"
https://www.linkedin.com/jobs/view/radiology-physician-at-health-ecareers-3799457510,"Radiology, USguided paracentesis/thoracentesis, Diagnostic fluoroscopy, MSK injections, Lumbar punctures, General studies, Interventional radiology, Body imaging, Neuroradiology, Nuclear medicine, Breast, Thoracic/cardiac, Subspecialists, Radiology Doctor, Imaging Radiologist"
https://www.linkedin.com/jobs/view/customer-service-rep-at-lincare-3793769658,"Medical Terminology, Patient Care, Chronic Disease Management, Physician Referral, Order Management, Billing and Insurance, Customer Service, Sales, Training, Multitasking, Computer Literacy, Positive Attitude, Physical Strength"
https://uk.linkedin.com/jobs/view/internal-sales-executive-at-smartsearch-recruitment-ltd-3800504211,"Sales, Customer service, Telemarketing, Inbound sales, Cold calling, CRM systems, Lead generation, Negotiation, Account management, Communication, Interpersonal skills, Teamwork, Selfmotivation, Targetoriented, Competitive spirit, Desire for success, Problemsolving, Adaptability, Attention to detail, Microsoft Office Suite, Strong analytical and problem solving skills, Ability to prioritize and manage multiple projects simultaneously, Ability to work independently and as part of a team, Excellent written and verbal communication skills"
https://www.linkedin.com/jobs/view/senior-electrical-engineer-power-engineer-at-eliassen-group-3796729416,"Electrical Engineering, Power Engineering, Battery Design, Power Systems, Battery and Power Technology, Energy Storage Technologies, Tradeoff Analysis, Tolerance Loop Analysis, Prototype Design, Fabrication Experience, PCB/Flex Design, Material Science, Basic Chemistry, Design for Manufacturability, Design for Assembly, Statistical Tolerance Techniques, Functional Dimensioning, Geometric Tolerancing"
https://www.linkedin.com/jobs/view/buffalo-grove-aws-certified-solutions-architect-tutor-at-varsity-tutors-a-nerdy-company-3796505229,"AWS Certified Solutions Architect, Online Tutoring, Communication Skills, SubjectMatter Expertise, Lesson Personalization, 1on1 Tutoring, Small Group Classes, Large Live Classes, Instant Tutoring, AI, Learning Science, Online Platform"
https://www.linkedin.com/jobs/view/residential-instructor-part-time-2nd-shift-at-hope-network-3803346893,"Supervision, Monitoring, Treatment planning, Crisis intervention, Communication, Medication administration, Housekeeping, Maintenance, Training, Orientation, High School Diploma or GED, Driver's license, Lifting, Bending, Stooping, Communication, Working with individuals with special needs"
https://www.linkedin.com/jobs/view/92y-unit-supply-specialist-warehouse-manager-at-jobsinlogistics-com-3806183395,"Basic Soldiering skills, Advanced Individual Training (AIT), Stock control clerk, Parts clerk, Storekeeper, Factories, Repair shops, Department stores, Government warehouses, Stockrooms, Basic Training, Montgomery GI Bill, Federal and State tuition assistance, Retirement benefits, Lowcost life insurance, 401(k)type savings plan, Student Loan Repayment Program, Health care benefits, VA home loans, Bonuses, Military enlistment, Physical exam, Citizenship requirements, High school diploma, GED certificate, Mathematics, Bookkeeping, Accounting, Business administration, Typing, Keeping accurate records, Physical work, Operating forklifts, Warehouse equipment"
https://ca.linkedin.com/jobs/view/assistant-department-manager-at-iga-extra-famille-pelletier-3749094161,"Management, Customer service, Collaboration, Communication, Leadership, Inventory management, Price management, Marketing, Productivity"
https://www.linkedin.com/jobs/view/mitarbeiter-in-lohn-und-personaladministration-80-%E2%80%93-100%25-at-lucerne-university-of-applied-sciences-and-arts-3798447449,"Lohnadministration, SAP HRModul, Zeitwirtschaft, Sozialversicherungen, Quellensteuer, Praxisbildung, Berufsbildung, Kaufmännische Ausbildung, Lohn oder Personaladministration, ITBenutzerkenntnisse, HRTools, Selbstständige Arbeitsweise, Lösungsorientierte Arbeitsweise, Strukturierte Arbeitsweise, Digitale Kompetenz, Zahlenverständnis, Routineaufgaben, Anspruchsvolle Aufgaben, Kommunikationsfähigkeit, Kollegialität, Engagement, Belastbarkeit, Dienstleistungsorientierung, Flexible Arbeitszeiten, Weiterbildungsmöglichkeiten, Soziale Leistungen, HomeOffice"
https://www.linkedin.com/jobs/view/senior-guest-advisor-military-at-gamestop-3569236194,"Guest Service, Sales, Solution Selling, Communication, Bilingual, Teamwork, Problem Solving, Math, Alphabetizing, SelfMotivation, POS Systems, Retail, Management, Video Games, Inventory Management, English, Spanish"
https://www.linkedin.com/jobs/view/employee-and-labor-relations-specialist-at-lifespan-3790646537,"Labor relations, Human resources, Policies, Procedures, Bargaining agreements, Grievances, Terminations, Work complaints, Counseling sessions, Unemployment claims, Coaching, Conflict resolution, Negotiation, HR Business Partnering, Labor laws, Union relations, Collective bargaining, Affirmative action, Employee engagement, Training, Performance management, Metrics, Data analysis, Reporting, Time management, Interpersonal skills, Cultural competence, Verbal communication, Written communication, Relationship building, Supervision"
https://www.linkedin.com/jobs/view/commissioning-technician-at-somic-packaging-usa-3780816934,"Commissioning, Machine assembly, Machine adjustment, PLC programming, HMI programming, Troubleshooting, Diagnostics, Mechanical stroke, Timing, Positioning, Quality checkout, Factory acceptance test, Machine shipment, Lathe, Mills, Hand tools, Project management, Communication, Documentation, Data collation, Checklist completion, Field service support, Performance analysis, Improvement recommendations, Mechatronics, Industrial automation, Robotics, Electronics, Installation, Troubleshooting, Electrical engineering, Control technology, Pneumatics, Mechanics, PLCs, Rockwell, Schneider, Safe work approach, Entrepreneurial mindset, Independent work, Confident manner, Professional appearance, Strong communication skills, Work under pressure, Flexibility, English fluency, Class D driver's license, US Passport"
https://www.linkedin.com/jobs/view/relationship-banker-at-comerica-bank-3754809759,"Marketing Activities, Customer Onboarding, Financial Wellness Conversations, Compliance Management, Operational Risk Management, Customer Experience Management, Customer Service, Teller Transactions, Confidentiality, Collaboration, Associate Degree, Customer Service Experience, Computer Literacy, ForestWebb Chapel"
https://www.linkedin.com/jobs/view/staff-accountant-at-lhh-3729733536,"Staff Accountant, Accounting, GAAP, Financial statements, Journal entries, Account reconciliations, Bank reconciliations, Accounts payable, Electronic approval, Financial files, Financial statement audit, Specialized Reporting, Ad Hoc Projects, Banking, Excel, Accounting software, Analytical skills, Problemsolving skills, Attention to detail, Accuracy, Independent work, Multiple priorities, Contract, $35$43 an hour, Regan.Pease@LHH.com, Equal Opportunity Employer, Medical benefits, Dental benefits, Vision benefits, Life insurance, Shortterm disability, EAP program, Commuter benefits, 401K plan, Paid Sick Leave, Paid leave"
https://www.linkedin.com/jobs/view/licensed-mental-health-counselor-at-gotham-enterprises-ltd-3766228121,"Licensed Professional Counselor, Mental Health Counseling, Social Work, Marriage and Family Therapy, Psychology, Mental Health Disorders, Crisis Intervention, Cultural Competence, Interpersonal and Communication Skills, Electronic Health Record Systems, Computer Applications, Multidisciplinary Teamwork, Confidentiality, Cultural Responsiveness, Inclusivity, Professional Boundaries, Ethical Guidelines, Career Growth Opportunity, Continuing Education, Paid Time Off, Retirement Savings Plan, Healthcare Benefits"
https://www.linkedin.com/jobs/view/histologic-technologist-at-labcorp-3795277547,"Histology, Laboratory Techniques, Microscopic Exam, Histopathological Slide Preparation, Tissue Sectioning, Staining Procedures, Tissue Embedding, Stain Preparation, Test Result Reporting, Instrument Operation and Maintenance, Equipment Maintenance Documentation, Equipment Log Data Recording, Preventive Maintenance, Quality Control Procedures, Laboratory Quality Control Policies, Specimen Handling and Processing, Data Analysis and Reporting, Problem Identification and Resolution, Life Science Degree, Histology Certifications, Immunohistochemistry, Color Vision, Attention to Detail, Laboratory Experience"
https://www.linkedin.com/jobs/view/property-manager-at-blue-crane-3731762769,"Property Management, Retail, Office, Industrial, Multifamily, Hospitality, Tenant Relations, Project Management, Vendor Management, Financial Review, Lease Administration, Time Management, Attention to Detail, Proactive Ownership Mentality, Professionalism, Confidentiality, Communication Skills, Microsoft Office Suite, Real Estate Financial Concepts, Organization, Analytical Skills, CPM or RPA Designation, Yardi Voyager, Teamwork, Collaboration, Discretion, Expertise, Integrity, Innovation"
https://www.linkedin.com/jobs/view/fulltime-nurse-practitioner-or-physician-assistant-housecalls-dutchess-ulster-counties-ny-at-optum-3611016605,"Nurse Practitioners, Physician Assistant, Active national NP or PA certification, Reliable transportation, Home healthcare, Home visit experience, Gerontology, Cardiology, Internal medicine, Endocrinology, Active NP or PA license"
https://www.linkedin.com/jobs/view/phg-paris-healthcare-group-physician-clinics-manager-rn-or-lvn-eligible-full-time-days-055-8310-1250-002-at-paris-regional-health-3722183560,"Clinical Operations, Administrative Operations, Marketing, Ancillary Services, New Employee Orientation, Practice Startup Operations, EMR Software, Practice Management Software"
https://www.linkedin.com/jobs/view/cable-installation-technician-at-jobs-for-humanity-3805386966,"Aptitude, Rapport Building, Working at Heights, Lifting Heavy Objects, Valid Driver's License, Travel Readiness, Health Benefits, Career Opportunities, Hourly Pay, Location Pay Differential, Drug Test, Acceptable Driving Record"
https://www.linkedin.com/jobs/view/customer-service-representative-state-farm-agent-team-member-at-state-farm-agent-3666948324,"Communication skills, Detailoriented, Problemsolving, Team environment, Customer relationship management, Needsbased review process, Marketing, Sales, Appointment scheduling, Proactivity, Computer literacy, Active listening"
https://www.linkedin.com/jobs/view/sales-development-representative-at-classic-inns-of-the-south-3796282911,"Datadriven analytics, CRM automation, Lead generation system, Advanced markets team, SME (specialized market expert), Strong work ethic, Flexible schedule, Remote, Commissionbased opportunity"
https://www.linkedin.com/jobs/view/geotechnical-practice-leader-tdot-at-s-me-3747586883,"Geotechnical Engineering, Leadership, Project Management, Business Development, Marketing, PMP Certification, PE/PG Registration, Client Management, Quality Improvement, Team Building, Communication, Collaboration, Strategic Planning, Market Analysis, Risk Management, Employee Engagement, Employee Development, Professional Growth"
https://www.linkedin.com/jobs/view/banker-at-minnwest-bank-3797070427,"Customer service, Cash handling, Consumer account opening and closing, Consumer account maintenance, Consumer lending, Home equity lines of credit, Sales, Crossselling, Team player, Dependable, Organized, Positive attitude, Willing to learn and grow, Medical insurance, Dental insurance, Vision insurance, Life insurance, 401k, Employee stock ownership plan (ESOP)"
https://www.linkedin.com/jobs/view/host-at-texas-roadhouse-3742057771,"Teamwork, Customer service, Attention to detail, Time management, Communication skills, Problemsolving skills, Flexibility, Initiative, Ability to work in a fastpaced environment, Ability to work independently, Ability to work as part of a team, Ability to follow instructions, Ability to learn new things quickly, Ability to work shifts, High school diploma or equivalent, One year of experience in a customer service role, Strong communication skills, Ability to work independently and as part of a team, Ability to follow instructions, Ability to learn new things quickly, Ability to work shifts, Ability to pass a background check"
https://www.linkedin.com/jobs/view/traffic-engineer-lead-at-lochner-3702662470,"Civil Engineering, Traffic Engineering, Project Management, ORD, FDOT Planning, Traffic Operations/Safety Contracts, HCS, SYNCHRO, CORSIM, VISSIM, HCM, MUTCD, FDOT Project Traffic Forecasting Manual, FDOT Interchange Access Request Users Guide, FDOT Quality/Level of Service Handbook, FDOT Design Standards, Transportation Systems Management and Operations (TSMO), Paid Time Off, Flexible Holiday Program, Disability, Life Insurance, Health Savings Accounts (HSA), Flexible Spending Accounts (FSA), Paid Family Leave, Retirement Plan, Flexible Work Schedules, Wellness Program, Employee Discounts, Charitable Acts of Service, Project Traffic Forecasting, Travel Demand Forecasting, FSUTMS, 18KIP ESAL Report, PD&E Reviews, MLOU, IOAR, IMR, IJR, Interchange Proposals, DRIs, NEPA Process, Intersection and arterial traffic operational/safety studies, Field reviews, Crash analysis, Access management plans"
https://www.linkedin.com/jobs/view/physician-assistant-surgical-at-infirmary-health-3792158057,"BLS, Licensure, Accreditation, Physician’s Assistant, Patient care, Coordination, Quality assurance"
https://www.linkedin.com/jobs/view/volunteer-music-teachers-for-underprivileged-children-at-musiclink-foundation-3803968696,"Music, Teaching, Volunteering, Criminal background check"
https://www.linkedin.com/jobs/view/teller-bilingual-part-time-at-wells-fargo-3805521771,"Banking, Spanish, Customer Service, Financial Services, Communication, Cash Handling, Problem Solving, Attention to Detail, Teamwork, Time Management, Ability to handle complex transactions, Ability to educate and connect customers to technology, Ability to interact with integrity and professionalism, Ability to work weekends and holidays, Proficient with proactively sourcing acquiring building and maintaining relationships with customers and colleagues"
https://au.linkedin.com/jobs/view/senior-planning-manager-at-workforce-australia-for-individuals-3797458952,"Media planning, Campaign execution, Project management, Financial management, Problem solving, Relationship building, Data analysis, Media trends, Communication, Google Analytics, DMP, Presentation skills, Media landscape, Team management, Implementation planning, Collaboration"
https://www.linkedin.com/jobs/view/medical-technologists-at-gotham-enterprises-ltd-3783304344,"Medical Lab Professional, Medical Lab Science, Medical Technologist, Microbiology, Serology, Immunology, Immunohematology, Clinical Chemistry, Hematology, Standard Operating Procedures, Instrumentation, Testing, Problem solving, Reagents, Controls, Test results, Patient care, Preventive maintenance, Quality control, Personal protective equipment, State licensure, Computer skills"
https://www.linkedin.com/jobs/view/utilities-customer-information-systems-manager-at-accenture-3798211025,"Consulting, Utility Industry, Customer Service, Energy, SAP, Oracle, Meter to Cash, CIS, Business Process, Design Thinking, Business Case, Agile Projects, Operating Model, Talent Management, Change Management, Intellectual Property, Leadership, Adaptation, Collaboration, Diversity, Inclusion, Equal Employment Opportunity"
https://www.linkedin.com/jobs/view/volunteer-clothing-closet-sorter-and-guest-assistant-at-the-lamb-center-3803987011,"Volunteering, Clothing Sorting, Donated Material Management, Clothing Selection Assistance, Guest Interaction, Material Inspection, Material Discarding, Clothing Retention, Customer Service"
https://www.linkedin.com/jobs/view/volunteer-music-teachers-for-underprivileged-children-at-musiclink-foundation-3806717720,"Music teaching, Volunteering, Criminal background check"
https://www.linkedin.com/jobs/view/rn-at-covenant-health-inc-at-health-ecareers-3805963942,"Nursing, Patient Care, Assessment, Planning, Implementation, Evaluation, Documentation, Infection Control, Orientation, Teaching, Communication, Teamwork, Critical Thinking, Problem Solving, Leadership, Management, Ethics, Professionalism, ACLS, BLS, NALS"
https://uk.linkedin.com/jobs/view/stores-manager-at-wright-staff-recruitment-3786442349,"Stores Management, Stock Control, Goods Inwards, SAGE200, Warehouse Management, Material Movement, Stock Take, Stock Rotation, Engineering Drawings, Microsoft Office, Excel, Team Player, Communication Skills, Problem Solving, Organizational Skills, Attention to Detail, Quality Management, Manufacturing Sector, Manufacturing Industry, Store Management, Computer Skills"
https://www.linkedin.com/jobs/view/research-program-manager-at-uams-university-of-arkansas-for-medical-sciences-3802768218,"Research management, Research administration, Grant development, Project management, Data collection, Statistical analysis, Scientific writing, Public speaking, Budget management, Personnel management, Microsoft Office, Certified Research Specialist, Advanced Certified Research Specialist, Project Management Professional (PMP), HIPAA, IRB, Good Clinical Practices, Regulatory compliance, Budgeting, Research ethics, Quality assurance, Research methodology"
https://www.linkedin.com/jobs/view/distinguished-engineer-card-tech-at-jobs-for-humanity-3804057699,"Cloud Technologies, Agile Software Development, AWS, Software Design, Software Architecture, Engineering Practices, Capital One Tech, Design Patterns, Architectural Styles, Soft Skills, Attention to Detail, ProblemSolving, Communication Skills, Development Tools, Infrastructure, Metrics, Reporting Platform, New Technologies, Data Measurement, Bachelor's Degree, Solution Architecture, Engineering Excellence, AWS Certifications, AWS Serverless Technology, Masters' Degree, Enterprise Platform Solutions, FullStack Development, AWS Certifications"
https://www.linkedin.com/jobs/view/utilization-review-registered-nurse-at-capital-health-us-3797943322,"Patient Care Quality Review, Medicare Medicaid Private Insurer SelfPay Patient Reviews, Inpatient Level of Care Screening, Observation Services Screening, Physician Certification Review, Continued Stay Utilization Review, Concurrent Clinical Reviews, Retrospective Clinical Reviews, Payer Guidelines Compliance, CMS Utilization Review Guidelines, Strategies for Length of Stay Reduction, Resource Consumption Reduction, Accurate Level of Care Determination, Regulatory Changes Monitoring, National and Local Coverage Determination Knowledge, Hospital Initiated Notice of NonCoverage (HINN), Lifetime Reserve Days Letters, Progression of Care Tracking, Patient Flow Barriers Identification, Medical Staff Care Team Case Manager Consultation, Collaborative Problem Solving, Patient Safety and Risk Factors Recognition, Utilization Management Representation, EvidenceBased Protocols and Order Sets Promotion, HighQuality and CostEffective Care, Performance Improvement Participation, Medical Documentation Promotion, Preventable Delays and Avoidable Days Identification, Resource Utilization Activities Documentation, Associate's Degree in Nursing, Graduate of Accredited School of Nursing, Clinical Nursing Experience, Quality Management Experience, Utilization Review Experience, Discharge Planning Experience, CPHQ CCM CPUR Certifications (Preferred), Basic Computer Skills, Microsoft Office, UR Software, EMR, MCG Guidelines Familiarity, Valid NJ RN License"
https://www.linkedin.com/jobs/view/distressed-special-situations-investment-professional-global-fund-at-confidential-3805524931,"Credit investment, Restructuring, Distressed trading, Leveraged finance, Financial modeling, Credit opportunities, Portfolio management, Trading, Investor relations"
https://uk.linkedin.com/jobs/view/physical-health-nurse-part-time-at-elysium-healthcare-3802807121,"General Nursing (RGN), Physical Health Nursing, Inpatient Mental Health, Medication and Monitoring, Chronic Disease Management, Health Promotion, Infection Control, Auditing, Vaccination Programs, Clinical Practice Development, Annual Salary, Annual Leave, Free Meals and Parking, Wellbeing Support, Career Development, Training, Pension Contribution, Life Assurance, Maternity Package, Enhanced DBS Disclosure, Safer Recruitment of Staff"
https://www.linkedin.com/jobs/view/seasonal-key-holder-at-hot-topic-3649070863,"Customer service, Sales, Leadership, Retail experience, Music and pop culture knowledge, Communication, Collaboration, Physical stamina, Ability to stand and walk for long periods, Ability to reach for merchandise using a ladder step stool and pole, Ability to move boxes weighing up to 50 pounds"
https://www.linkedin.com/jobs/view/applebee-s-restaurant-manager-jacksonville-fl-bartram-at-doherty-enterprises-3615108734,"Restaurant management, Food and beverage management, Sales and profitability, Operational excellence, Local restaurant marketing, Talent selection and training, Team leadership, Serve Safe Food and Serve Safe Alcohol Certifications, Competitive pay, Quarterly bonus opportunity, Healthcare benefits, Domestic partner benefits, Flexible dependent and health spending accounts, 401(k) savings plan with company matching, Paid time off, Dining privileges"
https://www.linkedin.com/jobs/view/dc-receiving-manager-at-kane-s-furniture-3798877075,"Receiving Operations, Leadership, Teambuilding, Expectation and goalsetting, Problemsolving, Initiative, Resourcefulness, Analytical and decisionmaking, Adaptability and flexibility, Computer and Microsoft Office Suite, OSHA safety policies/procedures, Material Data and Safety Sheets (MSDS), Receiving operations best practices, Warehouse technology, Communication, Written communication, Oral communication, Planning, Organizing"
https://www.linkedin.com/jobs/view/accounts-payable-associate-at-kforce-inc-3745643397,"Accounts Payable, ERP System, Microsoft Excel, Vendor banking information, W9 forms, Journal entries, 1099 process, Coding, International wiring, Customer service"
https://www.linkedin.com/jobs/view/customer-service-representative-at-circle-k-3806729680,"Customer service, Cashiering, Retail, Sales, Communication, Teamwork, Problemsolving, High school diploma, Ability to stand for 8 hours, Ability to lift 30 pounds, Ability to bend at the waist with twisting, Ability to grasp and manipulate objects, Ability to climb a ladder"
https://www.linkedin.com/jobs/view/property-coordinator-iii-coordinator-iii-at-city-of-portland-3792641808,"Real Estate Management, Property Management, Acquisition, Disposition, Leasing, Easements, Due Diligence, Budgeting, Negotiation, Drafting, Legal Documents, Reports, Leases, Amendments, Permits, Purchase Agreements, Sale Agreements, Intergovernmental Agreements, Memorandums of Understanding, Ordinances, Project Management, Program Management, Stakeholder Relationships, AntiRacism, Equity, Transparency, Communication, Collaboration, CrossCultural Communication, Writing, Reporting, Problem Solving, Policy Development, Strategy Development"
https://www.linkedin.com/jobs/view/physician-hematology-oncology-at-practicelink-3797193672,"Oncology, Hematology, Chemotherapy, Radiation treatments, Immunotherapy, Palliative care, Medical records, Quality assurance, Utilization review, Quality improvement projects, Patient education, Community outreach, Tumor boards, Interdisciplinary teamwork, Medical oncology, Board certification, State medical license, M.D./D.O."
https://www.linkedin.com/jobs/view/line-cook-at-texas-roadhouse-3742055084,"Teamwork, Positive attitude, Willingness to learn, Flexibility, Time management, Attention to detail, Cleanliness, Sanitation, Recipe execution, Plating, Station management, Opportunity for growth, Health and wellness benefits, Equal opportunity employer, Antidiscrimination policy, Diversity and inclusion"
https://www.linkedin.com/jobs/view/sales-consultant-monterey-at-gallin-associates-3771481664,"Sales, Consultation, Home improvement, Product design, Customer relationship management, Communication, Scheduling, Time management, Problemsolving, Physical strength, Driver's license, Windows, Word Processing, Communication, Public speaking, Team Collaboration, Technical writing"
https://www.linkedin.com/jobs/view/full-time-fulfillment-team-lead-day-at-lowe-s-companies-inc-3807077073,"Basic arithmetic, Customer service, Invoicing, Retail technology, Product fulfillment, Supervisory experience, Physical ability, Sales licensure or registration, Prolonged standing, Sitting, Lifting"
https://uk.linkedin.com/jobs/view/lecturer-in-animal-care-at-bath-college-3804705745,"Animal Care, Teaching, Communication, BTEC, City and Guilds, Pastoral Care, Employer Engagement"
https://www.linkedin.com/jobs/view/digital-print-operator-2-at-r-r-donneley-3799866819,"Inkjet, Laser, Xerox, Offset, RIP, Print Queue, Image Quality, Printing Equipment, Duplicating Printers, Print Jobs, Printing, Adjustments, Production Logs"
https://www.linkedin.com/jobs/view/registered-nurse-care-manager-at-somatus-at-health-ecareers-3787594172,"Nursing, Case management, Care management, Registered Nurse license, Dialysis interventions, Patient selfmanagement, Patient education, MS Office, Electronic medical records, Community outreach, Medical Management, Dialysis Interventions monitoring and coordination"
https://www.linkedin.com/jobs/view/principal-hardware-engineer-with-security-clearance-at-clearancejobs-3800153745,"Radar, Communications, EW/RF convergence, RFdigital interfaces, FPGAs, SoftwareDefined Radios, Embedded processors, Xilinx programmable logic, RTL design, Implementation, Validation, System integration, Highspeed digital FPGA design, MPSoCs, VITA 49.2 standard, Radar waveforms, Beamforming, Signal processing, Technical leadership, Project planning, Design, Analysis, Development, Testing, Fielding, Algorithms, Systems engineering, Test & evaluation, Technical proficiency, Interpersonal skills, Communication skills, Peerleadership skills, Selfmotivated, Detail oriented, Strong written and verbal communication skills, Budget management, Schedule management, Milestone tracking, Firmware development, Xilinx FPGAs, VITA 49.2 data capture, Radar waveform timing, Beamforming, Transmit, Receive, Signal processing, Bachelor's degree, Master's degree, PhD, Applicable experience, US Citizenship, Active Secret security clearance, Eligible to obtain Top Secret, Algorithm optimization, Real time systems, Radar, Remote sensing, Domain expertise, Electronic Warfare, Antenna Apertures, Sensor Resource Management, Sea/Air/Space, LargeScale Platform Test Systems, Cyber Physical Systems, Open System Architectures, Electrical Engineering, Applied Mathematics, Physics"
https://www.linkedin.com/jobs/view/manager-visual-inspection-at-the-job-network-3801667009,"GMP, USP, OSHA, EPA, DEA, Visual inspection, Lean Six Sigma, Statistical tools, DMAIC, Quality, Manufacturing, Engineering, FDA, ISO, Science, Management, Communication, Team leadership, Crossfunctional collaboration, Regulatory compliance, Facility startup, Operations, Pharmaceutical packaging, Aseptic filling, Equipment qualification, Veeva, Process validation, Deviation management, Change management, Pharmaceutical industry, Medical devices, Biotech, Healthcare, Quality assurance, Product development"
https://www.linkedin.com/jobs/view/beauty-advisor-at-ulta-beauty-3801662502,"Customer service, Sales, Troubleshooting, Teamwork, Merchandising, Inventory management, Product knowledge, Communication, High school diploma, 1 year of relevant work experience"
https://www.linkedin.com/jobs/view/lawn-specialist-aerator-at-trugreen-3770825328,"English fluency, Physical location in the United States, Lawn care, Tree and shrub care, Aeration, Warehousing, Customer service, Sales, Lawn applications, Product recommendations, Report writing, Vehicle inspection, Problem diagnosis, Communication, Teamwork, Diversity, Inclusion, Equal Opportunity, Affirmative Action, Disability accommodations"
https://www.linkedin.com/jobs/view/adult-psychiatrist-28-hours-week-at-health-ecareers-3788039061,"Adult Psychiatrist, Electronic Medical Record System, Physician Health & Wellness Program, Physician Leadership, Shareholder Track, Medical License, Flexible Schedules, Malpractice Insurance, CA Medical License"
https://www.linkedin.com/jobs/view/heavy-equipment-mechanic-at-ceg-3770707846,"Field Technician, Construction technology, Trimble, Heavy equipment, Machine guidance systems, Electrical repairs, Software configuration, GPS components, Hydraulic valves, Trimble survey gear, Troubleshooting, Repair, Maintenance, Hydraulic systems, Electrical systems, CAT, John Deere, Volvo, Bobcat, Doosan, Machine calibration, Service reports, Customer service, Communication skills, Written skills, Cando attitude, Adaptability, Fastpaced environment, Overtime, Health insurance, Dental insurance, Life insurance, Disability insurance, Paid time off, Paid holidays, 401(k) Retirement Plan, Training, Career growth opportunities"
https://uk.linkedin.com/jobs/view/senior-orbital-analyst-in-london-uk-at-energy-jobline-3794216767,"Orbital Analysis, Data Refinement, Orbit Determination, Satellite Behavior Analysis, Advanced Data Analysis, Software Engineering, Automation, Analytical Tools Improvement, Space Situational Awareness (SSA)"
https://www.linkedin.com/jobs/view/nurse-practitioner-or-physician-assistant-walk-in-care-penobscot-community-health-center-in-bangor-at-practicelink-3757519024,"Walkincare, Family medicine, Xray, Pharmacy, Behavioral health, Recovery treatment, Medication assisted treatment, Suturing, Incision, Drainage of abscesses, Removal of soft tissue foreign bodies, Closed reduction of simple fractures and dislocations, Splinting, EMR, EHR, HIPAA, Patient care, Medical terminology, Clinical documentation, Excellent communication skills, Strong teamwork skills, Ability to work independently, Ability to handle a highvolume workload, Ability to meet deadlines, Ability to work under pressure, Ability to work in a fastpaced environment, Ability to work in a team environment, Ability to work independently, Ability to meet deadlines, Ability to work under pressure, Ability to work in a fastpaced environment"
https://www.linkedin.com/jobs/view/restaurant-manager-at-saltgrass-steak-house-3799371951,"Restaurant management, Front of house knowledge, Financial aspects, Interpersonal skills, Conflict resolution, Work ethic"
https://www.linkedin.com/jobs/view/state-and-local-tax-financial-services-manager-at-pwc-3733780822,"State and Local Tax, Accounting, Taxation, CPA, Bachelor's Degree, Master's Degree, Partnership tax compliance, Public accounting practices, Production of tax returns, Tax controversy, Tax structuring, Preparation of partnership tax forms, FAS 109, FIN 48, Building solid relationships, Communicating with clients, Delivering clear requests for information, Proactively seeking guidance, Providing guidance to lessexperienced staff"
https://www.linkedin.com/jobs/view/hourly-shift-supervisor-at-raising-cane-s-chicken-fingers-3803481348,"Restaurant Management, Cash Handling, Policy Enforcement, Shift Management, Customer Service, Crewmember Recognition, Employee Authorizations, Cleanliness Maintenance, Facility Maintenance, DetailOrientation, Organization, Multitasking, SelfMotivation, Flexibility, Energy, Communication, Teamwork, ProblemSolving, GoalSetting, Execution, Planning, Staffing, Scheduling, People Management, Cost Management, Microsoft Office Suite, Learning Adaptability, Shift Work, Travel, Training Compliance, Restaurant or Retail Management Experience, High School Diploma or Equivalent, College Degree (Preferred)"
https://www.linkedin.com/jobs/view/senior-business-development-consultant-independent-reference-lab-at-cardinal-health-3780791321,"Business Development, Sales, Account Management, Relationship Management, Communication, Problem Solving, Critical Thinking, Entrepreneurial Mindset, Executive Presence, Industry Knowledge, Product Knowledge, Service Excellence, Process Improvement, Data Analysis, Analytics, Distribution, Kitting, Healthcare Industry, NonAcute, Laboratory, Bachelor's Degree, Sales Experience, Business Development Experience"
https://www.linkedin.com/jobs/view/safety-manager-at-mccormick-company-3805525030,"Safety, Environmental Management, Business, OSHA, EPA, Safety Management System, Manufacturing, Workers Compensation, Communication, Diplomacy, Leadership, Crossfunctional Leadership, Teamwork, Presentation, Motivational Speaking, Training Design, Strategic Leadership, Project Management"
https://www.linkedin.com/jobs/view/sr-financial-analyst-commercial-finance-at-mccain-foods-3786598791,"Financial Analysis, Data Analytics, Commercial Finance, Process Improvement, Standardization, Budgeting, Planning, Forecasting, Pricing, Reporting, Business Intelligence, Financial Modeling, ROI analysis, SAP, ERP, Advanced Excel, Power BI, Communication skills, Collaboration skills, Influencing skills, Leadership skills, Problemsolving skills, Business acumen, Innovation, Stagegate business case development, Product launches, Customer pricing requirements, New product development, Sales and Marketing support, Demand forecasting, Marketing expenditures, Investment profitability analysis, Bachelor's degree in Finance or Accounting, CPA or MBA, 3+ years of progressive experience, Strong financial skills, Analytical skills"
https://www.linkedin.com/jobs/view/registered-nurse-rn-emergency-department-ed-full-time-nights-at-texas-health-resources-at-health-ecareers-3795553109,"RN, Emergency Department, Nursing, Diploma Nurse, Associate degree, BSN, Clinical nurse, RN residency program, RN Nurse Practice Act, Electronic health record, Process improvement, 401k, PTO, Medical, Dental, Paid Parental Leave, Flex spending, Tuition reimbursement, Student loan repayment programs, Nursing education, Nursing research, Nursing practice, Magnet® status, Joint Commission certifications, Baby Friendly designated facility, Resume"
https://www.linkedin.com/jobs/view/salaried-manager-at-mcdonald-s-3685777574,"Teamwork, Leadership, Customer Service, Food Safety, Inventory Management, Training, Scheduling, Problem Solving, Decision Making, Communication, Time Management, Attention to Detail, Flexibility, Passion, Dedication, Fun, Work Ethic"
https://www.linkedin.com/jobs/view/registered-nurse-rn-icu-medical-at-adventhealth-at-health-ecareers-3791498097,"Nursing, Assessment, Planning, Implementation, Evaluation, Policies, Procedures, Discharge planning, Patient education, Competency testing, BLS, RN License, Healthcare"
https://www.linkedin.com/jobs/view/sr-financial-analyst-at-city-of-corpus-christi-water-utilities-679243469,"Financial Analysis, Financial Modeling, Cost of Service Analysis, Rate Design, Utility Rate Analysis, Budgeting, Forecasting, Statistical Analysis, Water Utilities, Wastewater Utility, Operating Budgets"
https://www.linkedin.com/jobs/view/store-manager-candidate-at-dollar-general-3782654734,"Retail experience, Cash handling, Cashier operations, Inventory management, Merchandising, Customer service, Communication skills, Interpersonal skills, Problemsolving skills, Attention to detail, Leadership, Safety and security, Compliance with labor laws and company policies, Physical stamina, Ability to lift heavy objects, Driving"
https://www.linkedin.com/jobs/view/data-analytics-consultant-at-inspire11-3797088499,"Data Analytics, Consulting, SQL, Tableau, Power BI, Data Visualization, Data Mining, Data Warehousing, Business Intelligence, Agile Methodology, Stakeholder Interviews, Data Profiling, Process Mapping, Data Analysis, Data Interpretation, Trend Analysis, Performance Analysis, Data Visualization, Communication Skills, Collaboration Skills, ProblemSolving Skills, Critical Thinking Skills, Attention to Detail, Ability to work in a Fastpaced Environment, Ability to work independently and as part of a team, Ability to manage multiple projects simultaneously, Ability to handle confidential information"
https://www.linkedin.com/jobs/view/software-engineering-intern-at-intuitive-3786532722,"Software Engineering, Continuous Integration, Build and Release Processes, Automation, Feature Tracking, Bug Tracking, Release Management, Documentation, CI/CD Projects, Development Environment Automation, Developer Productivity, Release Cycle Times, Software Quality, HW/SW Troubleshooting, Robotic System Integration, Linux, Ansible, Git, Docker, Bazel, Jenkins, Elasticsearch, CI/CD Systems, Embedded Systems, Electromechanical Systems, Medical Devices, Python, Java, Groovy, C/C++, Communication Skills, Analytical Skills"
https://www.linkedin.com/jobs/view/account-executive-at-dl1961-3805091165,"Sales Support, Prospecting, Sales, Distributor relationship management, Communication, Operations, Production, Merchandising, Design, Planning, Retail math, Analytical skills, Interpersonal skills, Communication skills, NuOrder, Bachelor's Degree, Junior Account Executive, Specialty/Majors experience, Sales knowledge, Operations knowledge, Logistics knowledge, Global direct sales channel network, Proficiency with Retail Math, Proficiency with NuOrder, Strong Interpersonal and Communication skills"
https://www.linkedin.com/jobs/view/global-operations-associate-at-flexport-3789092448,"Logistics, Freight Forwarding, Supply Chain Management, Ocean Carrier Operations, Consulting, Client Management, Problem Solving, Communication (Verbal and Written), Teamwork, Standardization, Best Practices, BA/BS Degree, English Fluency, Time Management, Attention to Detail, Strong Work Ethic, Data Analysis, KPI Tracking, SOP Compliance, QBR and MBR Presentations, Flexport Academy, Diversity and Inclusion, Equal Opportunity Employment"
https://www.linkedin.com/jobs/view/rn-s-lpn-s-at-king-bruwaert-house-3805273288,"Nursing, Medication management, IDPH, Federal regulations, Local standards and guidelines"
https://www.linkedin.com/jobs/view/field-service-technician-b-at-hitachi-energy-3787572356,"Troubleshooting, Installation, Commissioning, Maintenance, Repairs, Upgrades, Retrofits, EndofLife Services, Replacements, Electrical Drawings, Mechanical Drawings, Instruction Manuals, Technical Manuals, Bushing Connections, Lead Clearance, Tapping, Crimping, Taping, Contoured Joints, Vacuum Oil Processors (VOPs), Oil Handling Equipment, Transformer Theory, Current Transformers, Bushings, Associate's Degree, 2 Years of Experience, High School Diploma, 5 Years of Experience, Technical Training, Vocational Training, Apprenticeship Training, Domestic Travel, 85% Travel"
https://www.linkedin.com/jobs/view/foremans-assistant-at-aerotek-3805232142,"Construction, Building and Construction, Mechanical, Engineering and Technology, Design, Mathematics, Equipment Selection, Operation and Control, Equipment Maintenance, Operation Monitoring, Repairing, Static Strength, Trunk Strength, Explosive Strength, Manual Dexterity, Multilimb Coordination, General Laborer, Mechanical Inclined, Power Tools, Hand tool, Power tool, Carpentry, Concrete, Concrete workers, Concrete finishers, Construction Laborers, Pouring Concrete, Mechanical skills and aptitude, 1+ years recent construction experience"
https://www.linkedin.com/jobs/view/travel-allied-health-professional-ultrasound-technologist-at-advantis-medical-staffing-3795598144,"Ultrasound Technology, Allied Health, 12hour shifts, 36 hours per week, Travel Job, Weekly Pay, Holiday Pay, Guaranteed Hours, 401k Retirement Plan, Referral Bonus, Employee Assistance Programs, Medical Benefits, Dental Benefits, Vision Benefits"
https://uk.linkedin.com/jobs/view/transport-administrator-at-prime-appointments-3797847640,"Transport Administration, Logistics, Distribution, Supply Chain, Communication Skills, Microsoft Office, InHouse Systems, Attention to Detail, Scanning, Invoicing, Dispatching, Courier Management, Carrier Management"
https://www.linkedin.com/jobs/view/part-time-assistant-manager-at-universidade-de-mogi-das-cruzes-3747486279,"Assistant Manager, Management, Training, Communication, Customer Service, Conflict Resolution, Team Leadership, High School Diploma/GED, Basic Food Handling Training, Safe Alcohol Service Training, English Proficiency, Teamwork, Time Management, Organizational Skills, Physical Stamina, Lifting, Standing, Walking, Reasonable Accommodations for Disabilities"
https://www.linkedin.com/jobs/view/accounting-manager-at-robert-half-3795151993,"Accounting, Job Costing, Construction Accounting, QuickBooks, Financial Reporting, Job Cost Analysis, Profitability Analysis, Budgeting, Bachelor's Degree in Accounting, 5+ Years of Cost Accounting or Construction Experience"
https://www.linkedin.com/jobs/view/chiropractor-alpharetta-ga-at-the-joint-chiropractic-3787728638,"Chiropractic care, Xray analysis, Musculoskeletal system, Patient education, Doctorpatient relationships, Medical history taking, Patient records management, Sales, Bachelor's degree, Doctor of Chiropractic degree, NCBE Parts I II III and IV passing scores, NBCE SPEC exam passing score, Valid DC license, Malpractice insurance eligibility"
https://www.linkedin.com/jobs/view/certified-industrial-hygienist-at-latitude-inc-3794991647,"Industrial Hygienist, Microsoft Office Suite (Word Excel PowerPoint), Public Trust Security Clearance, Bachelor's Degree, Occupational Safety and Health Administration (OSHA), Occupational Safety and Health Standards, Data Collection and Analysis, Report Writing, Training and Education, Investigations, Government Experience, Safety Procedures"
https://www.linkedin.com/jobs/view/lead-installer-at-the-brothers-that-just-do-gutters-3796455726,"Gutter Installation, Gutter Repair, Gutter Maintenance, Seamless Gutters, Gutter Guards, Specialty Gutters, Building, Construction, Leadership, Communication Skills, Budgeting, Production, Customer Service, Work Ethic, Passion for Gutters, Valid Driver's License, Career Path, PerformanceBased Company, Defined Career Paths, Comfortable Work Environment"
https://www.linkedin.com/jobs/view/hr-business-partner-ii-at-costar-group-3761762769,"Bachelor's degree, HR experience, Data analysis, Critical thinking, Problemsolving, Presentation skills, Communication skills, Proficiency in Excel and Office suite, Knowledge of employment law, Workday HRIS platform experience, Ability to work in a fastpaced environment, Time management, Attention to detail, Followthrough, Clientservice focus, Relationshipbuilding, Collaboration, Innovation"
https://www.linkedin.com/jobs/view/site-security-officer-at-stanley-black-decker-inc-3788419727,"Site Security, Security & Safety Services, CTPAT Champion, CCTV Monitoring, Security Systems Monitoring, Fire Suppression Systems Monitoring, CPR / AED / First Aid Training, Strong Leadership Skills, Effective Oral and Written Communication, Issue Resolution, Negotiation, Motivating Others, Collaborative Team Player, Obstacle Handling, ProblemSolving, Criminal Background Check, Motor Vehicle Record Check, Drug Screen, CPR / AED / First Aid Training, Microsoft Office Suite (Word Excel Power Point Outlook), Physical Fitness, Proficiency in Martial Arts/ Defensive Skills, High School Degree or higher, 2+ Years Security/Law Enforcement Experience, 2nd Shift role  3 PM to 11 PM, CTPAT and/or Regulatory Compliance experience"
https://www.linkedin.com/jobs/view/superintendent-100k-160k-at-cybercoders-3624737875,"Civil Construction, Commercial Construction, Project Management, Budgeting, Supervision, Building Regulations, Safety Protocols, Communication Skills, Organizational Skills, ProblemSolving Skills"
https://www.linkedin.com/jobs/view/kimpton-brice-restaurant-supervisor-at-hei-hotels-resorts-3792184119,"Customer service, Quality service, Adherence to standards and procedures, Bank management, Communication, Food and beverage service, Liquor laws and regulations, Menu planning, POS systems, Weightlifting and moving, Verbal and written communication, Hotel experience, High School Diploma or equivalent"
https://www.linkedin.com/jobs/view/supervisory-compliance-officer-at-usajobs-3802696385,"Regulatory Compliance, Quality Management, Project Management, Troubleshooting, Negotiation, Risk Assessment, Communication, Leadership, Supervision, Time Management, Problem Solving, Decision Making, Policy Development, Legal Guidance, Regulatory Development, Resource Allocation, Budgeting, Networking, Team Building, Public Trust Positions, Background Investigation, Selectee, Federal Forms, Verification, Confidential Financial Disclosure Report, SF50, TimeinGrade, Veterans Employment Opportunities Act of 1998, Reasonable Accommodations, Reference Checking, Telework, Exclusion from Bargaining Unit"
https://www.linkedin.com/jobs/view/energy-efficiency-consultant-large-c-i-hybrid-at-eversource-energy-3796438694,"Energy Efficiency, Sustainability, Innovation, Energysaving projects, Energy cost reduction, Customer engagement, Energysaving solutions, Energy efficiency contractors, Engineers, Regulatory compliance, Sales, Energy simulation modeling, Energy efficiency measures, Energy efficient strategies, Energy efficient systems, Engineering analysis, Calculations, Implementation strategy, Financial principals, PC desktop applications, Microsoft Word, Microsoft Excel, Engineering, Environmental, Sustainability, Energy, Customer service, Written communication, Presentations, Certified Energy Manager (CEM), Professional Engineer (PE), HVAC systems, Chillers, Boilers, Heat pumps, Demand control ventilation, Energy management systems, Air compressors"
https://www.linkedin.com/jobs/view/communications-specialist-administrator-at-intouch-med-supply-3749839821,"Microsoft Office, Gmail, Calendar Management, Adobe Acrobat, Verbal communication, Written communication, Attention to detail, Accuracy, Office administration, Appointment scheduling, Meeting scheduling, Visitor management, Package receiving, Mail delivery, Special project assistance, Event assistance, High school diploma, College degree (preferred), 6 months office experience, Competitive hourly wages, Overtime opportunities, Medical dental and vision insurance, Paid time off, Holidays, 401k with company match, Profit sharing, Catered lunches on Fridays, Career advancement opportunities"
https://www.linkedin.com/jobs/view/nurse-manager-emergency-department-uf-health-leesburg-hospital-at-uf-health-central-florida-3799351914,"Leadership, Communication, ProblemSolving, Teamwork, Management, English, Medical Terminology, Nursing License, ACLS and BLS Certification, Education in Nursing"
https://au.linkedin.com/jobs/view/senior-case-manager-at-queensland-corrective-services-3803877159,"Case management, Risk assessment, Supervision, Reintegration, Rehabilitation, Collaboration, Cultural awareness, Diversity, Communication, Professionalism, Teamwork, Decisionmaking, Problemsolving, Leadership, Vision, Results, Accountability, Degree in human services or criminology, Law, Justice, Humanities, Psychology, Social sciences, Social welfare, Health, Education, Business, Aboriginal and Torres Strait Islander studies, Professional development, Training, Business travel, C class license"
https://www.linkedin.com/jobs/view/geisinger-seeking-hospitalists-in-scranton-pa-at-practicelink-3757507904,"Medicine, Internal Medicine, Epic Systems, EHR, Patient Care, SystemsBased Practice, Professional Etiquette, Diagnosis, Treatment, Interviewing, Medical Histories, Patient Records, Doctor of Medicine, Doctor of Osteopathic Medicine, Medical License, Certification"
https://www.linkedin.com/jobs/view/olathe-managerial-economics-tutor-at-varsity-tutors-a-nerdy-company-3796507357,"Managerial Economics, Communication Skills, Approachable Personality, Lesson Personalization, 1on1 Online Tutoring, Small Group Classes, Large Live Classes, Instant Tutoring, AI, Learning Science, Online Platform, Live Learning Platform, Adaptive Assessments, Invoice"
https://www.linkedin.com/jobs/view/service-manager-home-services-at-arrow-exterminators-3801517093,"pest control services, revenue management, sales management, profit management, human resource management, training and development, compliance management, customer service, team management, safety compliance, customer complaints resolution, budgeting, profit tracking, production goal management, sales goal management, pricing and sales adherence, accounts receivable management, accounts payable management, cash management, expense report management, warranty claims management, payroll management, HR activities management, staffing, performance management, inspection procedures, treatment procedures, materials management, sales procedures, fleet management, equipment management, inventory management, truck inspections, vehicle maintenance recording, cleanliness management, cosmetics management, customer account troubleshooting, afterhours calls management, weekend calls management, service employee management, H.E collaboration, leadership, communication, conflict resolution, internal applications and software (Paycom PestPac Applicant Pro Outlook Word Excel Power Point web portals), sales achievement, multitasking, organization, math skills, regulatory agencyrequired licensing/certification exams passing, 40hour work week commitment, afterhours accessibility, driving license, company driving standards compliance, high school degree or equivalency, college degree (preferred), mobility, lifting up to 50lbs, automatic vehicle driving, working with wild animals, indoor and outdoor work, weather conditions exposure, vegetation exposure, dust exposure, dirt exposure, insects and animal remains exposure, cramped spaces work"
https://www.linkedin.com/jobs/view/production-supervisor-at-aerotek-3807946827,"Production Supervisor, Microsoft Excel, QuickBooks, ERP system, Clerical work, Documentation, Manufacturing experience, Computer usage"
https://uk.linkedin.com/jobs/view/chefs-of-all-levels-leisure-nottingham-at-blue-arrow-3792954855,"Cooking, Kitchen Equipment, Food Safety, HACCP, Food Production, Hazard Analysis, Communication, Customer Service, Attention to Detail, Teamwork, Organizational Skills, Time Management, Flexibility, Health and Safety, Hygiene"
https://www.linkedin.com/jobs/view/nurse-practitioner-prn-hra-at-northeast-healthcare-recruitment-inc-3805764143,"Nurse Practitioner, Health Risk Assessments ( HRAs ), BMI measurement, Pharmacological therapy review, Physical examination, Patient education and counseling, EMR system, Active Nurse Practitioner state license, Active Nurse Practitioner Board Certification, Valid state driver license, Automobile insurance, Knowledge of clinical standards of care, Background and credentialing screen clearance"
https://www.linkedin.com/jobs/view/cad-designer-project-administrator-at-akkodis-3800592652,"CAD, AutoCAD, SolidWorks, Project Coordination, Food Manufacturing Industry, Proficiency in CAD Software, American Design Drafting Association (ADAA) Certification, Project Administrator, Bachelor's degree or Diploma in Engineering Architecture or related field, 5+ years of experience as a CAD Designer and Project Coordinator, Worked on at least 3 medium to large industrial/manufacturing/factory projects, Food processing filling and packaging equipment, Industrial services equipment"
https://ca.linkedin.com/jobs/view/financial-advisor-for-top-brokerage-firm-in-canada-at-ia-financial-group-lanaudiere-3798894793,"Investment Solutions, Financial Planning, Financial Plans, Accuracy, Finance, Investment Business, Interpersonal Skills"
https://www.linkedin.com/jobs/view/volunteer-georgia-region-duty-officer-dispatcher-decatur-county-at-volunteermatch-3803973597,"Event triggers, Disaster response, Technical guidance, Training, Resource management, Disaster Health Services, Disaster Mental Health, Disaster Spiritual Care, RC Respond database, Incident reporting, Team meetings, COVID19 protocols, Volunteerism, Disaster relief, DAT response, Home fires, Hurricanes"
https://www.linkedin.com/jobs/view/patient-service-representative-for-texas-orthopaedic-and-sports-medicine-clinic-at-baptist-health-system-3797836828,"Medical office skills, Charge entry, Patient balance processing, Patient portal enrollment, Healthcare management, Administration, Medical office experience, High school diploma/GED, 2 years of medical office experience, Medical office certifications"
https://www.linkedin.com/jobs/view/supervisor-at-doherty-enterprises-3800321183,"Communication, Guest Service, Time Management, Problem Solving, Delegation, Teamwork, Leadership, Stree Tolerance, Adaptability, Fastpaced Environment"
https://www.linkedin.com/jobs/view/senior-engineer-sre-remote-at-geico-3803531674,"Linux, Windows, Web Servers, Application Servers, Apache, JBoss EAP, WildFly, Apache Tomcat, IIS, DotNet, WebSphere, Python, PowerShell, Linux Shell, Ansible, Puppet, SQL, Java, dotNet, Terraform, Kubernetes, IBM MQ, ActiveMQ, Apache Kafka, DevOps, Cloud concepts, Azure DevOps framework, Enterprise Cloud platforms, Enterprise data center technologies, Storage platforms, Networks, Security infrastructure, Active Directory, Windows Authentication, SAML, OAuth, Managed cloud vendor, GEICO, DNS, Subnet masking, Firewall, DynaTrace, Sentry, Splunk, Grafana, Loki, Microsoft ADO, Sharepoint, PowerBI, Helix, Confluence, Software architecture, System design, Data analytics, Data visualization, Azure, AWS, Hybrid data center, Opensource frameworks, Computer Science, Information Systems"
https://uk.linkedin.com/jobs/view/key-account-manager-new-cardio-north-at-boston-scientific-3676958207,"Sales skills, Negotiation skills, Strategic thinking, Collaborative approach, Customerfocused mindset, Contract negotiation, Customer needs analysis, Market analysis, Pricing strategy, Reimbursement trends, Industry knowledge, Competitor analysis, Contracts followup, Medical devices industry, Problemsolving, Imagination, Determination"
https://www.linkedin.com/jobs/view/maintenance-supervisor-3151041-at-metro-associates-3803528493,"Maintenance Supervision, Daily Planning and Coordination, Quality Assurance, Safety, Preventative Maintenance (PM) Programs, Electrical, Electronics, Controls Programming, Mechanical Systems, Troubleshooting, Continuous Improvement, Team Collaboration, Inspections, Compliance, Manufacturing, Food Processing, Communication, Leadership, Safety Protocols, Regulatory Compliance, Quality Standards"
https://www.linkedin.com/jobs/view/skilled-laborer-construction-at-j-cumby-construction-3801465111,"Pneumatic tools, Electrical tools, Concrete vibrators, Compactors, Concrete saws, Cutoff saws, Jackhammers, Handoperated trenchers, Digging, Spreading, Leveling, Lifting, Transporting, Managing, Building materials, Tools, Supplies, Cleaning, Equipment, Work areas, Concrete, Asphalt, Gravel, Verbal instructions, Medical insurance, Dental insurance, Vision insurance, Critical illness coverage, Shortterm disability insurance, Longterm disability insurance, Accident insurance, Voluntary life insurance, 401(k) retirement plan, Paid holidays, Paid vacation, Equal Opportunity (EOE), Affirmative Action (AA), DrugFree Workplace, EVerify"
https://www.linkedin.com/jobs/view/volunteer-gentiva-hospice-you-belong-here-at-volunteermatch-3804200040,"Volunteering, Hospice care, Compassion, Communication, Empathy, Active listening, Emotional support, Companionship, Patience, Flexibility, Adaptability, Team spirit, Problemsolving, Conflict resolution, Cultural awareness"
https://ca.linkedin.com/jobs/view/geotechnical-technical-director-at-stantec-3685704011,"Geotechnical engineering, Bridge construction, Tunnel construction, Soil engineering, Rock engineering, Structural design, Technical writing, Project management, Risk management, Standard development, Method development, Tool development, Personnel supervision, Personnel development, Service offerings, Discipline development, Master's degree in civil or geological engineering, 15 years of experience, Member of the Quebec Order of Engineers (OIQ), Bilingualism French and English, Knowledge sharing, Mining industry experience, Author of technical publications, Dynamic work environment, Flexible work schedule, Competitive compensation, Professional association membership fees reimbursement, Flexible group insurance plan, Group RRSP, Employee Stock Ownership Plan, Training and skills development program, Health dental and vision plans, Wellbeing program, Health care spending account, Wellness spending accounts, Group registered retirement savings plan, Employee stock purchase program, Group taxfree savings account, Life and accidental death & dismemberment (AD&D) insurance, Shortterm/longterm disability plans, Emergency travel benefits, Tuition reimbursement, Professional membership fee coverage, Paid time off"
https://www.linkedin.com/jobs/view/first-year-tax-professional-at-h-r-block-3749906063,"Tax preparation, Sales, Marketing, Customer service, Team collaboration, Communication, IRS requirements, H&R Block Income Tax Course, Retail, Public speaking, Time management"
https://www.linkedin.com/jobs/view/customer-service-representative-cashier-138-at-conn-s-homeplus-3672549931,"Customer service skills, Data entry skills, Organizational skills, Credit check, High school diploma or GED, Retail schedule, Background check"
https://www.linkedin.com/jobs/view/registered-nurse-rn-at-premise-health-3777681447,"Nursing, Patient care, Treatment, Evaluation, Assessment, Vital signs, Medical tests, Collaboration, Occupational health, Health screening, Laboratory tests, Quality control, Documentation, Health education, Emergency care, Medication administration, Medical records, Infection control, Patient privacy, Followup care, Nursing school, Associates degree, Bachelor's degree, Registered nurse license, AHA or ARC Basic Life Support, Advanced Cardiac Life Support, Occupational Health Nursing certification, Emergency Nursing certification, Case Management certification, Experience in emergency room, Experience in occupational health clinic, Experience in ambulatory care clinic, Worklife balance, Competitive pay, Benefits packages, Medical insurance, Dental insurance, Vision insurance, Life insurance, 401(k), Paid holidays, Vacation time, Wellness program"
https://www.linkedin.com/jobs/view/pretrial-program-specialist-at-county-of-san-joaquin-3655342740,"Interviewing, Advanced interviewing techniques, Court and arrest procedures, Research and investigative methods, Communication, Written communication, Report writing, Oral communication, Language mechanics, General computer operations, Basic principles of human behavior, Applied psychology, Principles and practices of written and oral communication, Microsoft Word, Microsoft Outlook, Windows operating system, Internet Explorer/Google Chrome, Ability to use a computer, Ability to type, Ability to work independently, Ability to work as part of a team, Ability to meet deadlines, Ability to work under pressure, Ability to handle difficult situations, Ability to learn new things, Ability to communicate effectively, Ability to solve problems, Ability to make decisions, Ability to work with a diverse population, Ability to work with confidential information, Ability to work in a fastpaced environment, Ability to work in a multicultural environment, Ability to work in a highstress environment, Ability to work in a physically demanding environment, Ability to work in a hazardous environment, Ability to work in a noisy environment, Ability to work in a dirty environment, Ability to work in a confined space, Ability to work in a hot environment, Ability to work in a cold environment, Ability to work in a wet environment, Ability to work in a dry environment, Ability to work in a highaltitude environment, Ability to work in a lowaltitude environment, Ability to work in a pressurised environment, Ability to work in a vacuum environment"
https://uk.linkedin.com/jobs/view/supervisor-planned-and-voids-at-howells-recruitment-3795179932,"Schedule of Rates, Pre and post inspections, Team management, Voids Contract management, Safety accreditation, Asbestos awareness, Scaffold inspection accreditation, KPI management, Reporting, Communication, Customer service, Time management, Quality control, IT literacy, SSSTS or equivalent"
https://www.linkedin.com/jobs/view/medication-specialist-at-community-healthlink-inc-3683024417,"Medication Management, Substance use disorder treatment, Mental health counseling, Group therapy, Domestic violence counseling, Health education, Parenting skills development, Vocational training, Life skills training, MAP certification, CPR certification, First Aid certification, CORI review, High school diploma, Associates degree, Bachelor's degree, United States driver's license, Registered and insured automobile, Cleaning supplies"
https://www.linkedin.com/jobs/view/lecturer-quantitative-methods-and-business-analytics-pool-at-university-of-colorado-colorado-springs-3798722256,"Quantitative Methods, Business Analytics, Business Statistics, Data Analysis, Data Visualization, Spreadsheet Software, Statistical Software, Online Teaching Platforms, Hybrid Teaching Platforms, Master's Degree in Business Administration, Master's Degree in Operations Management, Master's Degree in Supply Chain Management, Master's Degree in Business Analytics, PhD in Business Administration, PhD in Operations Management, PhD in Supply Chain Management, PhD in Business Analytics, Teaching Experience, Online Teaching Experience, Industry Experience, Professional Activities Engagement, Physical Requirements, Moderate Sitting, Moderate Bending, Fine Motor Skills, Lifting up to 20 pounds, Computer Skills, Data Manipulation, Statistical Analysis, Data Visualization, Microsoft Office Suite, Presentation Software"
https://www.linkedin.com/jobs/view/personal-trainer-north-ymca-at-ymca-of-the-iowa-mississippi-valley-3795889343,"Personal Training Certification, Fitness Assessments, Exercise Techniques, Communication Skills, Interpersonal Skills, Passion for Fitness, Patience, Empathy, Adaptability, Flexibility, Safe Exercise Prescription, CPR/AED/First Aid Certifications, Ability to Lift 45 Pounds, YMCA Values (Caring Honesty Respect Responsibility), CPR/AED/First Aid Certifications, Minimum 20 Hours per Week, 4Star Rated Charity Navigator Employer"
https://www.linkedin.com/jobs/view/front-desk-supervisor-at-true-north-hotel-group-3802212907,"Front Desk Supervisor, AC Hotel, Tuscaloosa AL, Hospitality, Guest satisfaction, Supervision, Front Office operations, Personnel, Friendly service, Efficiency, Guest service, Checkin, Checkout, Room keys, Guest questions, Guest needs, Dining reservations, Entertainment reservations, Transportation reservations, Guest problems, Guest complaints, Clerical duties, Phone calls, Messages, Reservations, Filing, Photocopying, Faxing, Mailing, High school diploma, GED, Hospitality management experience, Lifting, Carrying, Pushing, Pulling, Placing objects, 50 pounds"
https://www.linkedin.com/jobs/view/functional-medicine-provider-at-forum-health-3801118022,"Functional medicine, Hormone therapy, Patient engagement, eClinicalWorks, Electronic medical record (EMR), DEA license, Texas state license, National board certification"
https://www.linkedin.com/jobs/view/technical-specialist-multiple-levels-at-strategic-alliance-business-group-sabg-3792419816,"Engineering, Scientific, Analysis, Policy, Planning, Speechwriting, DoD 8570 IAM III Certified Information Security Manager (CISM), Personnel Systems Management (PSM), Microsoft Office Suite (Word Excel Outlook PowerPoint), Problem Solving, Written Communication, Diversity, Ethics, Planning/Organizing, Professionalism, Reasoning Ability, Computer Skills, Mathematical Skills, Language Skills"
https://www.linkedin.com/jobs/view/assistant-store-manager-at-extra-space-storage-3804743039,"Customer service, Sales, Unit rentals, Unit insurance, Moving supplies, Rental processes, Agreements, Facility maintenance, Sweeping, Mopping, Light bulb change, Teamwork, Errands, Travel, Computer skills, Driver's license, Personal vehicle, High school diploma, GED equivalent"
https://uk.linkedin.com/jobs/view/financial-consultant-at-c4s-search-3792278042,"Finance, Accounting, ERP, Business management, Project planning, Project budget management, Business process analysis, Design, Requirements gathering, Functional design, Golive and support, Training, BI, Gap analysis, Fit analysis"
https://www.linkedin.com/jobs/view/rn-case-manager-js-case-management-administration-mbmc-at-baptist-memorial-at-health-ecareers-3805705225,"Discharge planning, Readmission Reduction, Payer Communication, Critical thinking, Communication, Organization, Interpersonal skills, Computer skills, Knowledge of payer requirements, Problem solving, Governmental regulations, BSN or MSN, RN with at least one (1) year of clinical experience, Certified Case Manager, RNCase Manager, Case Management Administration, Nurse RN, Clinical, PRN, Days, Jackson MS metro area"
https://www.linkedin.com/jobs/view/transmission-line-engineer-at-stantec-3784918542,"Transmission line engineering, PLSCADD, PLSPOLE, PLSTOWER, FE modeling, IEC, IEEE, ASCE, Cigre, CSA, NESC, Project management, GIS mapping software, Structural engineering, Civil engineering, Mechanical engineering, Electrical engineering, Professional Engineer (PE), North American Engineering Association, Utility standards, Design practices"
https://www.linkedin.com/jobs/view/landscape-architecture-analyst-at-kimley-horn-3786112431,"Landscape Architecture, Adobe Photoshop, SketchUp, InDesign, Illustrator, GIS/ArcView, PowerPoint, AutoCAD, Civil 3D, Excel, Site Planning, Urban Design, Redevelopment, MixedUse Development, Residential Development, Streetscapes, Design Guidelines, Public Infrastructure Design, Parks, Community Facility Design, Federal Regulations, State Regulations, Local Regulations, KimleyHorn Practices, Client Practices, Procedures, Standards, Licensure, Client Relationships, Mentoring, Networking, Training, Quality, Retention, Benefits, Company Values"
https://www.linkedin.com/jobs/view/travel-allied-health-professional-ct-technologist-at-treva-corporation-3805283119,"CT Technologist, Allied Health Professional, 40 hours per week, 8 hours nights, Travel, Pay package, Taxfree stipend, Vision benefits, Weekly pay, Guaranteed Hours, 401k retirement plan, Referral bonus, Medical benefits, Dental benefits"
https://www.linkedin.com/jobs/view/assistant-branch-manager-at-service-one-credit-union-3774326635,"Banking, Financial Services, Team Management, Loan Rates, Customer Service, Associate Training, Member Services, Leadership, Profit Sharing, Tuition Reimbursement, Referral Techniques, Sales, Coaching, WorkLife Balance, College Degree or Associate Degree, 401(k) Plan, Gym Membership Discounts, Volunteer Opportunities, Employee Engagement Programs, Free Premium Account, Mobile Phone Insurance, Identity Theft Recovery, Travel Discounts, Shopping Discounts, Disability Insurance, Corporate Culture, Positive Work Environment, Great Benefits, Competitive Pay, Branch Management Experience, Education or Work Experience, Customer Experience, Communication Skills, Time Management, Delegation Skills, Motivation, Leadership Skills"
https://www.linkedin.com/jobs/view/fpga-firmware-engineer-at-blue-origin-3756327233,"FPGA programming, Hardware engineering, Software engineering, Avionics systems, FPGAbased avionics, FPGA development languages, VHDL, Verilog, SystemVerilog, Simulation, Synthesis, Verification, Realtime embedded systems, NASA Procedural Requirements NPR 7150.2, DO254, Xilinx Vivado, Intel Quartus"
https://au.linkedin.com/jobs/view/servicenow-hrsd-developer-at-accenture-australia-3775608746,"ServiceNow, HR Service Delivery (HRSD) Consultant, HR service delivery systems, HR operations, Employee experience, HR objectives, HR case management, Employee selfservice portals, Client engagement, Relationship management, HR stakeholders, Process optimization, Best practices, Change management, Training, ServiceNow HRSD modules, HR Service Delivery, Analytical skills, Problemsolving skills, Interpersonal skills, Clientfacing roles, Strong relationships"
https://uk.linkedin.com/jobs/view/warehouse-operations-manager%C2%A0-at-sc4-recruitment-limited-3805209548,"Warehouse Management, Team Leadership, Performance Metrics, Inventory Management, Continuous Improvement, Facilities Design, Strong Leadership, Team Building, IOSH Food Safety HSCCP Certifications, Analytical and Problem Solving, Inventory Management Systems, Communication and Interpersonal Skills, Fastpaced Environment"
https://uk.linkedin.com/jobs/view/bed-sales-consultant-at-furniture-village-3796909415,"Sales, Customer Service, Interior Design, Product Knowledge, Design Consulting, Communication, Teamwork, Goal Setting, Target Achievement, Solution Selling, Upselling, CommissionBased Pay"
https://www.linkedin.com/jobs/view/general-dentist-at-sonrava-health-3683043731,"Dentistry, Preventative Dentistry, Restorative Dentistry, Endodontic, Surgical Procedures, Teamwork, Patient Care, Patient Treatment, Autonomy, Treatment Planning, Clinical Leadership, Corporate Support, Billing, Marketing, Call Center, Procurement, IT, Facilities, Human Resources, Legal, Guaranteed Daily Rate, Incentive Program, Professional Liability Insurance, Malpractice Insurance, Preferred Labs, Continuing Education Events, Healthcare Benefits, Medical Benefits, Dental Benefits, Vision Benefits, 401(k), Immigration Sponsorship, OPT, TN, H1B, Green Card, Doctor of Dental Surgery (DDS), Doctor of Dental Medicine (DMD)"
https://www.linkedin.com/jobs/view/business-banking-relationship-manager-at-u-s-bank-3802545863,"Relationship management, Business development, Analytical skills, Problemsolving skills, Credit administration, Credit policy/procedure, Cash flow management, Business credit underwriting, Financial accounting, Financial analysis, Bank products and services, Business acumen, Diverse types of businesses, Industries, Markets, Financial concepts, Economic concepts, Healthcare, Dental, Vision, Term life insurance, Shortterm disability, Longterm disability, Pregnancy disability, Parental leave, 401(k), Retirement plan, Paid vacation, Paid holiday opportunities, Adoption assistance, Sick leave, Safe leave accruals"
https://www.linkedin.com/jobs/view/lookout-lodge-bartender-winter-season-at-martis-camp-club-community-association-3787730520,"Bartending, Serving, Customer service, Teamwork, Wine knowledge, Alcohol knowledge, POS system, Sanitation, Safety, Cleaning, Covid19 guidelines, Physical stamina, Lifting and carrying, Gripping, Kneeling, Bending, Twisting, Drug screening, ServSafe certification, Professional grooming, Communication skills, Polite and friendly demeanor, Golf course access, Tennis courts access, Private ski lift access, Retail Spa and Golf shop discounts, Ambassador Holiday Party, WorkTango recognition program, Family meal and snacks, Ambassador of the Month eligibility"
https://www.linkedin.com/jobs/view/senior-windows-engineer-at-epic-3509822329,"Windows Engineering, Active Directory, Authentication technologies, DNS, DHCP, Automation, Scripting tools, Powershell, AD trusts, AD replication, Azure Active Directory, Azure AD Connect, Puppet, Chef, Ansible, Active Directory Federation Services, Kerberos, LDAP, SAML"
https://www.linkedin.com/jobs/view/registry-physical-therapist-acute-care-physical-therapy-casual-days-at-northwestern-medicine-3779182219,"Physical Therapy License, American Heart Association Basic Life Support, Master's degree in Physical Therapy, Doctorate of Physical Therapy, Bachelor of Science degree in Physical Therapy"
https://www.linkedin.com/jobs/view/case-manager-ii-rn-lsw-at-kindred-3803756970,"Case Management, Utilization Review, Discharge Planning, Clinical Coordination, Patient Advocacy, Interdisciplinary Care, Medical Necessity Review, Clinical Reviews, Care Collaboration, Accreditation Standards, Medicare Benefits, Insurance Processes, Reimbursement, Regulatory Compliance, RN BSN, Master of Social Work, Healthcare Professional Licensure, Case Management Certification, Critical Thinking, Communication Skills, ProblemSolving Skills, Teamwork, Time Management, Research Skills, Data Analysis"
https://www.linkedin.com/jobs/view/senior-computer-operations-technician-at-teksystems-3798737988,"Mainframe z/OS, ControlM, Distributed Platform Support, ATM support, Computer Operations, Mainframe Operations, Communication, Technical Support, Windows, Linux, Networking, Batch Production, Hardware, Software, Operational Risk, Validation, Workflow Management, IT Support"
https://www.linkedin.com/jobs/view/medical-records-technician-12724-at-ingenesis-inc-3788411006,"Medical Records, HIPAA, Healthcare, Medical Records Technician, Medical Records Clerk, Unit Secretary, Electronic Medical/Health Records, Medical Record Forms, CPR, Emergency Care, CPR/AED"
https://www.linkedin.com/jobs/view/business-information-analyst-sr-at-elevance-health-3793566572,"Data Analysis, Reporting, Tableau, SQL, Power BI, Databases, Statistical Software, Data Manipulation, Analytical Skills, Organizational Skills, Presentation Skills, Problem Solving Skills, Customer Service, Jira"
https://www.linkedin.com/jobs/view/lead-sales-associate-ft-at-dollar-general-3580094026,"Customer service, Cash handling, Scanning, Planogram, Merchandising, Cleaning, Communication skills, Leadership, Safety knowledge, Mathematical skills, High school diploma, Walking, Standing, Bending, Kneeling, Lifting, Climbing, Fastpaced environment, Driving"
https://www.linkedin.com/jobs/view/traveling-superintendent-2-healthcare-construction-at-je-dunn-construction-3657307982,"Construction Management, Scheduling, Project Management, Leadership, Safety Management, Communication, ProblemSolving, Material Management, Equipment Management, Cost Control, Quality Control, Lean Process, Budgeting, Collaboration, High School Diploma or GED, Bachelor's in Construction Management or Engineering, 5+ years Construction Experience, 3+ years Field Supervision Experience, Lean Principles, Valid Driver's License, Physical Ability, Willingness to Travel and Relocate, Exposure to Extreme Conditions, NonTraditional Hours, Standing Walking Climbing Bending Reaching Pushing Pulling, Sitting Viewing Computer Screen, Medical Benefits, Dental Benefits, Vision Benefits, 401(K), Employee Stock Ownership Plan, Equal Opportunity Employer, Affirmative Action Employer, Reasonable Accommodations for Disabilities"
https://www.linkedin.com/jobs/view/chemical-analysis-supervisor-at-modine-manufacturing-company-3802280297,"Chemistry, Corrosion, Analytical equipment, SharePoint, Material specifications, Test programs, Laboratory test strategies, Interpretive reports, Lab safety policy, ISO/QS 9000, Laboratory information management systems, Decisionmaking, Management, Detailoriented, Logical thinking, Independence, Resultsoriented, Communication, Interpersonal skills, Personnel management, Metrics, BS degree in chemistry, Master's degree, BS degree in Material Engineering"
https://uk.linkedin.com/jobs/view/night-nurse-at-recruitment-panda-ltd-3685313363,"Nursing, Care, NMC PIN"
https://www.linkedin.com/jobs/view/salon-manager-central-park-at-jobs-for-humanity-3805263865,"Cosmetology license, Barber license, Cutting Hair, Communication Skills, Motivation, Organization, Goal Achievement, Team Management, Salon Management"
https://www.linkedin.com/jobs/view/permanent-physician-family-practice-at-comphealth-3791516577,"Hospitalist, Clinic hours, Scheduling, Low patient volume, Team environment, Medical licenses, Salary negotiation, Contract negotiation, Interview coordination, Financial stability"
https://www.linkedin.com/jobs/view/ct-tech-per-diem-rotate-at-tenet-healthcare-3794988080,"Radiologic Technologist, CT Certification, American Registry of Radiologic Technologists (ARRT), American Heart Association BLS, Cross sectional anatomy, Contrast procedures, Biopsy procedures, Diagnostic xray procedures, Carm procedures, Portable procedures, Computer literate"
https://www.linkedin.com/jobs/view/rn-registered-nurse-23894533expplat-at-travelnursesource-3797149117,"Nursing, Registered Nurse (RN), Operating Room (OR), Driver's License, Background check, Drug screening, Health insurance, Dental insurance, Vision insurance, Housing options, Life insurance, Disability insurance, 401(k) with employer match, Certification and licensure reimbursement, Referral bonus program, Weekly direct deposit, 24/7/365 support"
https://www.linkedin.com/jobs/view/licensed-professional-counselor-lpc-at-gotham-enterprises-ltd-3783308104,"Licensed Professional Counselor (LPC), Master’s Degree, Mental Health/Mood Disorders Treatment Experience, Counseling, Social Work, Psychology, Marriage and Family Therapy, Motivation Interviewing, CognitiveBehavioral Therapy, Dialectical Behavioral Therapy, Documentation, Annual Salary: $85000$100000, Comprehensive Medical Dental and Vision Coverage, Shortterm and LongTerm Disability and Life Insurance, 401k Program, 4 Weeks of Paid Time Off, Employee Assistance Program, Continued Education and CEU Support, Clinical Supervision, Full Caseloads"
https://www.linkedin.com/jobs/view/security-systems-integrator-at-securitas-security-services-usa-inc-3782636052,"Video Surveillance Systems, Avigilon, Axis, Hanwha, Access Control Systems, Avigilon, Lenel, CCure, Brivo, Visio, Proposal Writing, Solution Architect, Project Management, Sales"
https://www.linkedin.com/jobs/view/customer-service-manager-state-farm-agent-team-member-at-state-farm-agent-3644111160,"Sales experience, Marketing experience, Property and Casualty license, Life and Health license, Insurance products knowledge, Customer service skills, Communication skills, Presentation skills, Organizational skills, Selfmotivation, Detail orientation"
https://www.linkedin.com/jobs/view/to-go-specialist-at-olive-garden-3646773879,"Flexible schedules, Free Employee Meal, Weekly pay, Anniversary pay, Paid Sick Leave, Paid Family and Medical Leave, Medical/dental insurance, Ongoing training, Team member wellness, Clean restaurants, Convenience, Quality, Safety, Sense of urgency, Extensive menu knowledge, Making loyal guests"
https://www.linkedin.com/jobs/view/assistant-community-manager-at-pegasus-residential-3798196881,"Certified Apartment Manager, Accredited Property Manager, Leasing Consultant, Assistant Community Manager, Property Management, Community Management, Team Leadership, Customer Service"
https://ca.linkedin.com/jobs/view/payroll-analyst-at-intact-3805727653,"Payroll function, Payroll legislation, Tax rules, Payroll and/or accounting experience, Client/customer service skills, Interpersonal skills, Adaptability, Initiative, Good judgment, Autonomy, Priority management, Deadline management, Stress management, Workday, Problem solving skills, Judgment skills, Attention to detail, Accuracy, Teamwork, Collaboration, Office suite, Bilingualism, Verbal communication skills, Written communication skills"
https://www.linkedin.com/jobs/view/human-resources-manager-at-eteam-3802118404,"Manufacturing, Strategic, Dynamic, Influencer, Change Management, Bilingual, Planning, Analytics, Workday, Employee Management, Mentoring, Relocating, Human Resource, Business Partner, Talent Pipeline, Organizational Efficiency, Cultural Transformation, Performance Management, Staffing Plans, Performance Issues, Cultural Initiatives, Management By Objectives (MBOs), Continuous Improvement, Lean Organization, Simplification, Learning & Development"
https://www.linkedin.com/jobs/view/store-team-leader-popshelf-in-chicago-il-at-popshelf-3780294235,"Customer service, Leadership, Retail management, Merchandising, Inventory management, Cash handling, Communication, Problemsolving, Organization, Attention to detail, High school diploma, Postsecondary business school training, Retail experience, Walking, Standing, Bending, Stooping, Kneeling, Lifting, Climbing, Driving, Fastpaced environment, Moderate noise level, Exposure to scents, Exposure to weather, Exposure to wet surfaces, Exposure to cleaning solutions, Liquor license"
https://www.linkedin.com/jobs/view/human-resources-manager-at-destiny-s-group-home-3794997967,"Human Resources Management, Recruiting, Employee Relations, Performance Management, Benefits Administration, MS Office, HR Systems, SHRMCP or SCP PHR or SPHR certification, Diversity Equity and Inclusion"
https://www.linkedin.com/jobs/view/occupational-therapist-otr-at-kids-first-3787932317,"Occupational Therapy, Autism Spectrum Disorder (ASD), Homebased programs, Communication, English, Early Intervention, Clinical skills, Part time, Full time"
https://www.linkedin.com/jobs/view/ob-gyn-opportunity-in-austin-metro-area-%2460k-sign-on-bonus-at-practicelink-3757520298,"Obstetrics, Gynecology, OB/GYN, Minimally invasive surgery, NICU IV, Malcolm Baldrige National Quality Award, The Leapfrog Group, St David’s North Austin Medical Center, 3D and 4D ultrasounds, Hormone management, Bioidentical hormone replacement, Weight management, Malpractice insurance, 401(k) plan, UofTX Austin, Unified Women’s Healthcare"
https://www.linkedin.com/jobs/view/sr-preconstruction-manager-at-michael-page-3785023054,"Preconstruction Management, Conceptual Estimating, Project Management, Collaboration, Communication, Risk Analysis, Bid Packages, Preliminary Scheduling, Client Relationships, Project Management Software, Construction Industry Experience, General Contractor Experience, Bachelor's Degree in Construction, Multifamily Project Experience, Leadership Skills, Motivation, Positive Energy, Construction Management Software"
https://www.linkedin.com/jobs/view/sr-principal-systems-engineer-chief-architect-at-raytheon-3763849343,"Active Top Secret security clearance, Agile development, AWS cloud, Build Deploy Test (BDT), Cameo, CI/CD, Cloud migration, Cloud security, CompTIA Security + Certification – Linux, Containerization, DevOps, DoDAF, Enterprise Architect, Infrastructure, Jira, Linux, MBSE, Networking, Rhapsody, Scaled Agile Framework (SAFe), STEM, Systems Architect, Systems Engineering"
https://www.linkedin.com/jobs/view/technical-writer-interface-specialist-business-staffing-support-services-l3-nga-st-louis-at-masego-inc-3803779824,"Technical Writer, Interface Specialist, Technical Documentation, Manual Writing, Editing, Research, Graphics Display, Microsoft Office, TS/SCI Clearance"
https://www.linkedin.com/jobs/view/licensed-marriage-and-family-therapist-lmft-at-gotham-enterprises-ltd-3769308375,"Marriage and Family Therapy, Counseling, Therapy, Mental Health, Communication, Relationship Issues, Treatment Plans, Mental Health Disorders, Collaboration, Master's Degree, Clinical Experience, Licensure"
https://www.linkedin.com/jobs/view/dietary-supervisor-at-unifywork-3739154375,"Food preparation, Food service, Sanitation, Safety, Customer service, Communication, Problemsolving, Teamwork, Time management, Organizational skills, Attention to detail, Ability to work independently, Ability to work under pressure"
https://www.linkedin.com/jobs/view/it-infrastructure-manager-at-asrc-federal-3111298313,"IT Infrastructure Management, Data Center Administration, System Administration, Simulation Systems Engineering, Administration, Lab & Engineering System Support, Physical Security Support, Mission IT Support, Process Improvement, Technical Improvement, Project Management, Customer Relationship Management, Budget Management, Computer Networking, Server Architecture, Enterprise Storage, Desktop Hardware, Software Configuration Management, Computer Help Desk, Leadership, Mentoring, Coaching, Career Management, Performance Management, Bachelor's Degree in Technical Discipline, 5 Years of JobRelated Experience, 10 Years of Experience, Management Experience, Secret Clearance, US Citizenship"
https://www.linkedin.com/jobs/view/sap-customer-service-consultant-at-tata-consultancy-services-3789457031,"SAP CS/SM, Incident management, Problem management, Service request management, Service quotations, Service order, Service confirmations, Service contract management, Recurring services, Billing of service transactions, Revenue recognition, SAP Activate methodology, Change Impact Analysis, Cascading communications, Super User training, End User training, Coaching, SAP Model Company, Show & tell workshops"
https://www.linkedin.com/jobs/view/2024-fenway-ambassador-at-boston-red-sox-3778842262,"Customer service, Communication, Teamwork, Multitasking, Time management, Problemsolving, Professional appearance, Ability to work weekends evenings and holidays"
https://www.linkedin.com/jobs/view/senior-principal-cost-engineer-estimator-hiring-bonus-%2410k-based-exp-at-air-products-3799194884,"Aspen Capital Cost Estimator, Accubid, Timberline, QuickPen, IData, P&ID, Construction Estimating, Conceptual Cost Estimating, Risk and Contingency Analysis, Engineering and Procured Equipment, Civils, Mechanical, Electrical, Instrumentation, Insulation, Construction Packages, Construction Scope, Design Drawings, Engineering Budgets, Equipment Costs, Historical Evaluations, Conceptual Estimate Basis, Project Management, Proposal Development, Field Construction, Construction Management, Construction Controls, Piping Systems, Piping Components, Construction Industry Standard Processes, Scope Gaps, Foundation Sizing, Piping Layouts, Structural Steel Quantities, Power and Instrumentation Routing, Plot Plans, Electrical Load Lists, SingleLine Diagrams, Communication Skills, Flexibility, High School Diploma, Associates Degree, International Construction, International Estimating Methods, Diversity and Inclusion"
https://www.linkedin.com/jobs/view/aprn-pmhnp-or-fnp-clinical-rotation-at-wheeler-health-3791403335,"APRN, PMHNP, FNP, Clinical Rotation, Medical, Treatment, Patient Care, Observation, Healthcare Services, Teamwork, Internship, University, Education, Qualification, Employment, Equal Opportunity Employer"
https://www.linkedin.com/jobs/view/senior-roadway-engineer-at-stantec-3780847015,"MicroStation V8i, InRoads, Open Roads, AutoCAD, Microsoft Office Suite, Caltrans PA/ED, PR/PSR, PS&E, AASHTO, Caltrans, Civil engineering, Client management, Business development, Bachelor of Science, Registered Professional Civil Engineer"
https://www.linkedin.com/jobs/view/accounting-and-fp-a-manager-at-advanced-vehicle-assemblies-llc-3799491959,"Financial reporting systems, Accounting policies and procedures, Financial statement preparation, Forecasting, Budget and forecast preparation, External financing documents, Data analysis, Strategic planning, Internal control processes, Regulatory reporting, External audit coordination, GAAP knowledge, Product cost standards, Capital and major expense requests, Idle asset disposition, Leadership, Collaboration, Project management, Problemsolving, Change management, Influencing, Communication, Relationship building, Controllership experience, Public accounting experience, GAAP knowledge, Accounting degree, CPA certification, MBA degree, Communication skills, Integrity, Consensus building, Teamwork, Adaptability, Passion for the company's mission"
https://www.linkedin.com/jobs/view/corrections-rn-prn-at-action-staffing-solutions-inc-3757365148,"Nursing, Patient Care, Inmate Care, Acute Care, CPR, BLS, Immunizations, Documentation, Patient Education, Medication Administration, Infection Control, Crisis Intervention, Physical Assessments, Emotional Assessments, Safety and Security, HIPAA, Communication, Incident Reporting, Human Capital, Recruitment, Compensation, Benefits, Equal Employment Opportunity"
https://www.linkedin.com/jobs/view/certified-nurse-midwife-highland-hospital-at-john-george-psychiatric-pavilion-at-health-ecareers-3787706327,"NurseMidwife, Certified NurseMidwife (CNM), Nursing Program, Bachelor's degree in Nursing, Board approved program in NurseMidwifery, American College of NurseMidwives (ACNM), Core Competencies for Basic Midwifery Practice, American College of NurseMidwives certificate, APS Perinatal Safety Modules, Basic Life Support Certification (BLS), Allied Health Staff Privileges, Registered Nursing license in California"
https://www.linkedin.com/jobs/view/occupational-medicine-nurse-practitioner-at-yale-new-haven-health-3633474380,"Advanced Practice Registered Nurse, Healthcare, Preplacement Examinations, Periodic Surveillance Examinations, Occupational Health Physician, Coastal Connecticut, New York City, Boston, Cultural Opportunities, Theater, Orchestra, Museums, Restaurants"
https://www.linkedin.com/jobs/view/buyer-at-v-soft-consulting-group-inc-3796726286,"Supply Chain, ERP, Procurement, Work Management Systems, Analytical Skills, Excel, Communication Skills, DetailOriented, Multitasking, Prioritization, Time Management, Bachelor's Degree, 5+ Years of Experience"
https://www.linkedin.com/jobs/view/licensed-marriage-and-family-therapist-lmft-at-gotham-enterprises-ltd-3787273630,"Marriage and Family Therapy, Mental Health Counseling, Substance Abuse Counseling, EvidenceBased Practices, Therapeutic Skills, Counseling Skills, Communication Skills, Teamwork, Assessing Patient Progress, Creating Individualized Treatment Plans, Knowledge of EvidenceBased Practices, Specialized Training in Addiction Counseling, LMFT License, Master's or Doctoral Degree in Marriage and Family Therapy Counseling Social Work or Psychology"
https://www.linkedin.com/jobs/view/retail-district-manager-unassigned-at-dollar-general-3663876843,"Retail management, Financial analysis, Human resource management, Customer service, Inventory management, Team leadership and collaboration, Communication and interpersonal skills, Analytical skills, Adaptability, Microsoft Office Suite, Companyprovided vehicle"
https://au.linkedin.com/jobs/view/lead-educator-wangaratta-children-s-centre-at-g8-education-ltd-3615222854,"Early Childhood Education, Diploma in Children’s Services, Early Years Learning Framework (EYLF), National Quality Standards (NQS), Educator experience, Verbal and written communication skills, Working with Children Check, First Aid certificate, 50% discount on early education and childcare fees, Opportunities for career advancement, Online Learning Lounge with professional development, Counselling through Employee Assistance Program (EAP), Benefits platform with access to retailers, Uniforms provided, Health and wellness programs"
https://www.linkedin.com/jobs/view/assistant-nurse-manager-anm-acute-care-surgical-telemetry-ft-night-at-prisma-health-3750694094,"ACLS certification, Staff scheduling, Patient assignments, Leadership, Nurse management, Telemetry monitoring, Stroke care, Clinical problem solving, Decision making, Patient experience, Role modeling, Mentoring, Staff orientation, Training, Quality management, Regulatory compliance, Environmental control, Infection control, Budgeting, Goal setting, Performance evaluation, Project planning, Project evaluation, Teamwork, Communication, Collaboration"
https://ca.linkedin.com/jobs/view/quality-engineering-manager-at-colourific-coatings-ltd-3791779313,"Quality Management, Process Improvement, Root Cause Analysis, Leadership, Communication, Quality Assurance, Chemical Engineering, Team Management, Manufacturing, Lean Manufacturing, 8D, 5S, NCR’s & CAPA’s, QESH (Quality Environmental Safety and Health), ERP, AAMA audits, Bachelor of Science or Engineering"
https://www.linkedin.com/jobs/view/medical-case-manager-at-corvel-corporation-3728704433,"RN Licensure, CCM CIRS, MS Office, Excel, Computer proficiency, Cost containment, Utilization review, Managed care, Multitasking, Time management, Organizational skills, Team environment, Communication, Medical knowledge, Nursing knowledge, Neurology, Rehabilitation, Case management, Medical case manager"
https://www.linkedin.com/jobs/view/cable-installation-technician-at-jobs-for-humanity-3796569245,"Customer service, Communication, Problemsolving, Physical strength, Ability to work at heights, Valid driver's license, Flexibility for travel, Ladder climbing, Heavy lifting, Preemployment screening, Drug test, Driving record check"
https://uk.linkedin.com/jobs/view/business-development-manager-building-products-at-mitchell-maguire-3798637039,"Business development, Sales, Account management, Customer service, Construction industry, Masonry support, Wind posts, Wall ties, Fire stopping, Insulation, Waterproofing, Ventilation, Fixings, Fasteners, Communication skills, Phone skills"
https://www.linkedin.com/jobs/view/transportation-delivery-operations-supervisor-2ndshift-hanover-md-at-staples-3802365179,"Transportation Systems, Productivity Standards, Coaching Drivers, Safety Procedures, Analytical Thinking, ProblemSolving Ability, Basic English Language Skills, High School Diploma, GED, Transportation Experience, Drivers' License, Safe Driving History, DOT Physical, Drug Screen, DOT Medical Card, Ability to Lift 70 Pounds, Age 21+"
https://www.linkedin.com/jobs/view/dentist-prn-at-walmart-health-3779503753,"Dentistry, Oral Health, Electronic Health Records, Dental Procedures, Fillings, Extractions, Root Canals, Anesthetics, Conscious Sedation, BLS, ALS, PAL, DEA, CDS, Cross Collaboration, Quality Patient Care, Accessible Patient Care, Comprehensive Integrated Care"
https://ca.linkedin.com/jobs/view/infirmi%C3%A8re-auxiliaire-travailleur-autonome-at-clickjobs-io-3805379631,"Phlebotomy, Medical evaluations, Blood collection, Urine collection, ECG, Communication, OIIAQ / OIIQ / OPTMQ license, At least 100 blood draws, Straight needle blood draw experience, Organizational skills, Flexible availability, Computer Internet and printer access, Valid driver's license, Vehicle, Empathy, Teamwork, Attention to detail, Adaptability, Problemsolving"
https://www.linkedin.com/jobs/view/travel-center-general-manager-at-pilot-flying-j-3796151660,"Retail Management, Customer Service, P&L Analysis, Team Management, Inventory Tracking, Sales, Team Development, Training, Interviewing, Staffing, Hiring"
https://www.linkedin.com/jobs/view/lead-customer-service-representative-at-circle-k-3681727478,"Customer Service, Retail, Cashiering, Communication, Problem Solving, Teamwork, Leadership, Sales, High School Diploma, Ability to stand for long periods, Ability to lift and carry weight, Grasping and reaching objects, Eyehand coordination, Ability to climb a ladder"
https://www.linkedin.com/jobs/view/hourly-supervisor-training-at-walmart-3780658969,"Leadership, Communication, Directing, Preparing, Planning, Basic Math Skills, Customer Service, Inventory Management, Retail, English Language Learning, High School Completion, Bachelor's Degrees, Shortform Certificates"
https://www.linkedin.com/jobs/view/assistant-manager-dallas-at-herm%C3%A8s-3762341069,"Sales, Customer service, Coaching, Training, Communication, Problemsolving, Decisionmaking, Inventory management, Retail management, Luxury retail experience, Excel, Word, Cegid, Etime, POS systems, Payroll systems, Data analysis, Physical strength (025 lbs.), Flexibility"
https://uk.linkedin.com/jobs/view/transport-team-leader-at-matthew-clark-3790167322,"Leadership, Planning, Communication, ProblemSolving, Teamwork, Investigations, Compliance, Operational Efficiency, Project Management, Risk Management, KPI Management, Change Management, ProblemSolving, Continuous Improvement, Customer Service, Coaching, Motivation, Team Development, Diversity, ESG"
https://www.linkedin.com/jobs/view/part-time-shift-manager-18%2B-at-festival-foods-3803515919,"Festival culture, Customer service, Performance expectations, Company policies, Procedures, Progressive disciplinary actions, Sales floor, Stock conditions, Department standards, Sanitation, Quality control, Product safety, Freshness, Occupational Safety standards, Incident reports, Accident reports, Safety requirements, Forklift, Harness, Power jack, Walk behind lift, WAV, Baler, Compactor, Standing, Walking, Bending, Stooping, Kneeling, Fine finger dexterity, Broad manual dexterity, Eyehandfoot coordination, Lifting stock, Repetitive tasks, Sensory abilities, Visual monitoring, Creating displays, Operating equipment, Lifting 50 pounds, Mornings, Afternoons, Evenings, Weekends, Holidays"
https://www.linkedin.com/jobs/view/diagnostic-imaging-registrar-at-south-shore-health-3795147030,"Admitting policies, Epic computer system, Medical terminology, Radiology Reports, Insurance verification, Insurance coordination of benefits, Consolidated billing, Fraud & abuse awareness, HIPAA acknowledgement Form, Medicare patient information, Free Care information, ADT functions, Meditech and Amicas computer systems, Safety Awareness, High school diploma, College education (preferred), Registration experience, Customer service skills, Insurance experience (preferred)"
https://www.linkedin.com/jobs/view/samsung-market-sales-manager-at-2020-companies-3777333237,"Sales, Communication, Relationship building, Problem solving, Microsoft Office, Samsung products, Merchandising, Competitive analysis, Data analysis, Retail, Customer service, Presentation skills, Team work, Multitasking, Flexibility, Autonomy, High school diploma, Business degree, 6 months sales experience, Reliable transportation, Automobile insurance, Ability to lift and carry objects, Ability to build personal relationships, Positive attitude"
https://www.linkedin.com/jobs/view/vip-lounge-representative-mgm-grand-at-mgm-resorts-international-3793881963,High school diploma or equivalent
https://www.linkedin.com/jobs/view/veterinarian-at-banfield-pet-hospital-3743749573,"Veterinary Medicine, Evidencebased Medicine, Preventive Care, Optimum Wellness Plans, Medical and Surgical Treatments, Formulary Approved Pharmaceuticals, Supplies, Equipment, Medical Quality Standards, Client Advocacy, Homecare Instructions, Education, Medical Records, PetWare, Veterinary Support Team, Veterinary Knowledge, Experience, Mars Five Principles, DVM/VMD, State Veterinary Board License, State Controlled Substance License, DEA License, USDA Accreditation, Personal Development Plans, Continuing Education Opportunities, Mars Volunteer Program, Veterinary Practice"
https://www.linkedin.com/jobs/view/commercial-litigation-attorney-at-direct-counsel-3801413326,"Commercial Litigation, Business Disputes, Corporate Governance, Class Actions, Antitrust, False Advertising, Securities, J.D. degree, Top 30% of class, California Bar Admission, Courtroom Experience, AM Law 100 Experience, Communication Skills, Work Ethic"
https://ca.linkedin.com/jobs/view/manufacturing-test-engineer-at-drake-international-3801471453,"Manufacturing, Test Development, PCBA testing, Endproduct functional verification, R&D, Product technology, Manufacturing test requirements, Automated test equipment, Semiautomated test equipment, Software, New Product Introduction (NPI), Continuous product improvement, Product testing, System implementation, Failure modes, Product issues, Test procedures, Systems, Equipment, Test coverage, Cycle time reduction, Scalability, Overall quality, Technical challenges, Continuous learning, Knowledge sharing, Safe practices, Health and safety, Electrical Engineering, Computer Engineering, Computer Science, Electronic hardware, Digital components, CPUs, FPGAs, Flash memory, Electrical schematics, PCBA design files, Test equipment, Test methodologies, Boundary scan, Automation principles, Interfacing, Data acquisition systems, Protocols, TCP/IP, RS232, USB, CAN, Leadership skills, Team management, Technical team development, Problemsolving, Continuous improvement, Communication skills, Knowledge dissemination, Collaborative input, Strategic thinking, Analytical skills, Project management skills, Manufacturing test development experience, People leadership experience, Project completion experience, Change and improvement experience"
https://www.linkedin.com/jobs/view/rn-med-surg-days-at-inficare-staffing-3793656773,"Clinical knowledge, Analytical abilities, Nursing care plans, Nursing services, Communication skills, BLS  AHA, RN, Registered Nurse"
https://www.linkedin.com/jobs/view/store-manager-at-journeys-3760930463,"Store Management, Retail Sales, Hiring, Training, Customer Service, Retail Operations, Time Management, Loss Prevention, Retail Culture, Interpersonal Skills, Teamwork, Ability to Work in a Fastpaced Environment, Ability to Work Night and Weekend Shifts, Ability to Lift Heavy Objects, Ability to Stand for Long Periods of Time, Ability to Work 45 Hours Per Week"
https://www.linkedin.com/jobs/view/office-of-admission-lead-campus-ambassador-at-mount-st-joseph-university-3751464152,"Tour giving, Public speaking, Communication, Writing, Punctuality, Organization, Customer service, Hospitality, Enthusiasm, Ability to work independently, Ability to meet deadlines"
https://www.linkedin.com/jobs/view/assistant-store-manager-%2415-%2417-hr-at-extra-space-storage-3800476356,"Customer service, Sales, Computer skills, Driver's license, High school diploma or GED, Unit rentals, Unit insurance, Moving supplies, Rental processes, Agreements, Facilities maintenance, Team cooperation, Errands, Travel"
https://www.linkedin.com/jobs/view/senior-apigee-developer-at-the-dignify-solutions-llc-3768010725,"Kafka, AWS Kinesis, Azure Event Hub, SignalR, DevOps, Grunt, Node.js, CI/CD, Cloud provider API Gateway, API management solution, Apigee, AWS API Gateway, Azure APIM, TCP/IP, Linux, Drupal, CMS, SQL, NoSQL, Cassandra, DynamoDB, CosmoDB, MongoDB, Computer science, Web application design, Web application development, Task manager, Powershell, Python, Apigee Edge, Apigee Hybrid, Policies, Proxies, Sharedflow, Proxy bundle, HTTPS, HTTP client, Apigee edge core infrastructure, Plant topology, Troubleshooting, Log analysis, Analytics analysis, Azure API, Azure Git, Azure DevOps"
https://www.linkedin.com/jobs/view/travel-allied-health-professional-ct-technologist-at-idr-healthcare-3803248537,"CT Technologist, Allied Health, Radiology, Imaging, Medical Terminology, Patient Care, Communication Skills, Teamwork, Attention to Detail, Physical Stamina, Radiation Safety, Continuing Education Credits"
https://www.linkedin.com/jobs/view/catering-lead-at-panera-bread-3666524320,"Communication skills, Interpersonal skills, Selfstarter, Teamwork, Organizational skills, Time management, Food safety, Health safety, Driver's license, Automobile insurance, ""Smart"" cell phone, Vehicle for deliveries, Food or retail experience, Customer service, Event planning, Order management, Delivery, Problemsolving, Initiative, Positive attitude, Passion for food, Attention to detail, Adaptability, Reliability, Leadership, Motivation, Ability to work under pressure"
https://www.linkedin.com/jobs/view/maintenace-supervisor-in-newark-de-usa-at-energy-jobline-3790101589,"Maintenance Management, Computerized Maintenance Management System (CMMS)"
https://uk.linkedin.com/jobs/view/plumber-maintenance-team-leader-at-edwardian-hotels-london-3760938062,"Plumbing, Pipe Fitting, Fixture Repair, Water Distribution, Waste Water Disposal, Blueprint Reading, Engineering, Health and Safety, Customer Care, Communication Skills, Construction Skills Certification Scheme (CSCS), Level 1 Certificate Introduction to Plumbing, Level 2 Diploma in Access to Building Services Engineering, Level 2 Diploma in Plumbing Studies, Awareness of Health and Safety and Control of Substances Hazardous to Health (COSHH) legislation"
https://www.linkedin.com/jobs/view/registered-nurse-med-surg-at-veterans-affairs-veterans-health-administration-at-health-ecareers-3795537613,"Education Debt Reduction Program (EDRP), Leadership, Holistic care, Care coordination, Adherence to standards of practice, Nursing process, Communication, Performance improvement, Customer service, Documentation, Medicalsurgical nursing, Knowledge of medicalsurgical care, Nursing process as a problemsolving model, Proficiency in written and spoken English, Must possess a full and unrestricted nursing license from any US State or territory, U.S. citizenship, Selective Service Registration, Must be proficient in written and spoken English, Ability to prioritize workload, Flexibility, Shift work, Telemetry, Critical care, IV therapy, Medication administration, Patient assessment, Physical examination, Health education, Collaboration, Teamwork"
https://www.linkedin.com/jobs/view/compliance-lead-at-ina-solution-3800481058,"Compliance Management, Regulatory Compliance, PCI, Security, Analytical Skills, Legal Compliance, Communication Skills, Bachelor's Degree in Business Administration or related field, 5+ years of experience in compliance and risk"
https://www.linkedin.com/jobs/view/2nd-shift-supervisor-at-ufp-industries-3782548417,"Production Scheduling, Cost Management, Profitability Management, Forklift Operation, Employee Management, Safety Standards, Excel, Word, Outlook, Business Software, Lumber Math, Lumber Grades, Lumber Species, Company Policies, Company Practices, Company Procedures"
https://www.linkedin.com/jobs/view/prn-rn-pv-chemo-infusion-suite-at-cleveland-clinic-3747458596,"Nursing, Chemotherapy, Infusion, Registered Nurse, Ambulatory Care, Care Planning, Patient Education, Quality Improvement, Critical Thinking, Teamwork, Communication, Interpersonal Skills, Advanced Cardiac Life Support (ACLS), Basic Life Support (BLS), BSN, State Licensure as a Registered Nurse (RN), Cancer Specific Certification, Current Demonstrated Clinical Competence, Light Work, Personal Protective Equipment"
https://www.linkedin.com/jobs/view/clinical-nurse-coord-rn-med-surg-cardiac-at-hca-florida-jfk-hospital-3783137791,"Nursing, Patient Care, Coordination, Management, Leadership, Communication, Collaboration, ProblemSolving, Critical Thinking, DecisionMaking, Teamwork, Conflict Resolution, Time Management, Resource Management, Inventory Control, Supply Management, Equipment Management, Scheduling, Staffing, Training, Development, Performance Evaluation, Disciplinary Action, BLS, ACLS, PALS, CEN, TNCC, Acute Care Hospital RN Experience, Charge RN Experience, Registered Nurse License, Compact Licensure, School of Nursing"
https://www.linkedin.com/jobs/view/unit-clerk-mental-health-325-at-telecare-corporation-3795287975,"Unit clerk, EHR, Medical terminology, Administrative support, Health care, Medical records, Medical records technician"
https://www.linkedin.com/jobs/view/facility-manager-at-jll-3805583994,"Facility Management, Capital and expense budget management, Financial variance reporting, Work order management, Client communication, Annual management plan development and implementation, Onsite inspections, Vendor management, Safety and risk management, EH&S knowledge, Technician supervision, Procurement and purchasing, P Card management, Timecard and P Card purchase review, CMMS proficiency, Real estate knowledge, Telecommunications knowledge, Furniture knowledge, Accounting knowledge, Building systems knowledge"
https://www.linkedin.com/jobs/view/quality-control-inspector-at-benchmark-national-corporation-3798671133,No specific skills or requirements
https://www.linkedin.com/jobs/view/administrative-assistant-at-appleone-employment-services-3790264362,"AppleOne, Equal Opportunity Employer, Diversity, Inclusiveness, EVerify program"
https://www.linkedin.com/jobs/view/customer-service-representative-state-farm-agent-team-member-at-state-farm-agent-3617801471,"Customer Service, Insurance, Sales, Marketing, Communication, Problem Solving, Teamwork, Multitasking, Presentations, Property and Casualty license, Life and Health license, Microsoft Office, Sales experience, Track record of meeting sales goals, Interpersonal skills, Organizational skills, Selfmotivation, Detail orientation, Proactiveness, Accuracy, Timeliness, Team work, Multitasking"
https://www.linkedin.com/jobs/view/hair-stylist-kroger-new-albany-center-at-jobs-for-humanity-3786312131,"Cosmetology/Barber License, Haircutting skills, Customer service skills, Teamwork skills, Positive attitude, Flexible scheduling"
https://mx.linkedin.com/jobs/view/materials-planning-supervisor-at-valeo-3765377483,"Supply Chain Management (SCM), Pull flow, Kanban, EDI, Milk run, Sales Force Automation (SFA), Customer Relationship Management (CRM), Enterprise Resource Planning (ERP), SAP, Inventory Management, Logistics, Manufacturing Execution System (MES), Production Planning and Scheduling (PPS), Engineering, APICS certification, SIOP, MPS, Forklifts, Warehouse Management System (WMS), Transportation Management System (TMS), Continuous Improvement, Lean Manufacturing, Six Sigma, Problem Solving, Communication, Team Leadership, Project Management, Data Analysis, Problem Solving, Decision Making, Adaptability, Flexibility, Attention to Detail, Multitasking, Time Management, Stress Management, Communication, Teamwork"
https://www.linkedin.com/jobs/view/traffic-control-flagger-at-wright-3785780630,"Traffic Control, ATSSA Certification, DOT Certification, Flagging, Work Zone Safety, Manual Labor, PPE, Safety Regulations, Communication, Problem Solving, Physical Fitness, Valid Driver's License, Drug Screening, Ability to work in all weather conditions, Ability to lift 50 pounds"
https://www.linkedin.com/jobs/view/customer-service-representative-at-family-dollar-3706267115,"Customer service, Sales, Merchandising, Inventory management, Cash handling, POS systems, Safety and security, Communication skills, Problemsolving, Decisionmaking, Job knowledge, Relationship management, High school education, Retail experience, Physical requirements: lifting walking standing etc., Flexible availability"
https://ca.linkedin.com/jobs/view/industrial-cleaning-field-supervisor-at-gfl-environmental-inc-3804667483,"High Pressure Cleaning, Storage Tank Cleaning, Chemical Cleaning, Dredging, Leadership, Team Management, Attention to Detail, ProblemSolving, DecisionMaking, Communication, Industrial Cleaning, Chemical Cleaning, Time Management, Organization, Motivation, Class 5 License, Class 1 License, Class 3 License, Shift Work, Night Shifts, 12 Hour Shifts, Inclement Weather, Work at Heights, Confined Spaces, Physical Activity"
https://www.linkedin.com/jobs/view/chronic-care-manager-at-harris-computer-3804366939,"Nursing, Care coordination, Patient education, Chronic disease management, Motivational coaching, Electronic medical records (EMR), Microsoft Office 365, Microsoft Teams, Microsoft Excel, Windows, Mac, HIPAA compliance, Verbal communication, Written communication, Listening skills, Time management, Problemsolving, Decisionmaking, Selfdirection, Prioritization, Exemplary phone etiquette, Commitment to patient care, Customer service, Medical benefits, Dental benefits, Vision benefits, 401K retirement plan, Life insurance, Flexible work environment, Learning and growth opportunities, Community involvement, Social responsibility, Cardiologyspecific EHR technology, Interoperability, Integrated application, Clinical processes, Revenue cycle management, Governmental regulations, Payer requirements"
https://www.linkedin.com/jobs/view/virtual-notary-public-at-certified-mobile-notary-service-3794846919,"Notary Public Commission, Audiovisual technology, Computer, Internet, Home office setup, High school or equivalent education, U.S. citizenship, Notary Signing Agent, Notary marketing, Notary business registration, Mobile notary signing jobs"
https://www.linkedin.com/jobs/view/maintenance-buyer-at-kerry-3807203559,"Maintenance, Spare Parts Inventory, Purchase Orders, Capital Projects, Budget Management, Invoicing, SAP, CMMS, Mechanical Aptitude, Purchasing, Vendor Communication, Manufacturing"
https://www.linkedin.com/jobs/view/cyber-security-analyst-at-kforce-inc-3795101916,"Security and Risk Management, Asset Security, Security Architecture and Engineering, Communications and Network Security, Identify and Access Management, Security Assessment and Testing, Security Operations, Software Development Security, Business Administration, Information Systems, Information Technology, Information Technology Security, Computer Science, Management Information Systems, Information Security, ASP+ CE, CCNPSecurity, CISA, GCIH, CISSP, Medical/dental/vision insurance, HSA, FSA, 401(k), Life disability & ADD insurance, Paid time off, Sick leave"
https://www.linkedin.com/jobs/view/rn-registered-nurse-24161336expplat-at-travelnursesource-3799549924,"OR RN, Valid License, Valid Driver's License, Background and Drug Screen, Health Dental and Vision Insurance, Customized Housing Options, Life and Disability Insurance, 401(k) with Employer Match, Certification & Licensure Reimbursement, Generous Referral Bonus Program, Weekly Direct Deposit, 24/7/365 Support"
https://www.linkedin.com/jobs/view/counselor-ii-tuc-strength-united-at-california-state-university-northridge-3663317596,"Psychotherapy, Traumainformed Care, Clientcentered Therapy, Strengthsbased Therapy, Evidencebased Therapy, Crisis Intervention, Case Management, Resource Linkage, Confidentiality, Ethics, Cultural Diversity, Bilingual (Spanish/English), Microsoft Office Suite (Excel Word PowerPoint), Email, TFCBT, Psychosocial Assessments, Holistic Treatment Plans, Data Collection, Data Entry, Statistical Analysis, Training and Workshops, Clinical Documentation, Communication (Oral and Written), Research, Collaboration, Team Work, Advocacy, MAC"
https://ca.linkedin.com/jobs/view/property-operations-supervisor-at-clv-group-3714692815,"Property Management, Building Codes, Inspections, Maintenance Coordination, Team Management, Customer Service, Communication, Problem Solving, Organization, Planning, Prioritization, Team Building, Multitasking, Microsoft Office Suite, Emergency Response, Driver's License"
https://www.linkedin.com/jobs/view/senior-structural-loads-engineer-r38386-at-blue-origin-3788784547,"Mechanical engineering, Aerospace engineering, Civil engineering, Finite element modeling, Structural analysis, Nastran, Matlab, Analytical methods, Vibration analysis, Signal processing, Instrumentation, Modal testing, Model tuning, Component mode synthesis, Hypermesh, Ansys, Nastran Dmap, Ata's Imat, Python, Fortran, Spacecraft loads, Launch vehicle loads, U.S. citizenship or permanent residency"
https://www.linkedin.com/jobs/view/crna-certified-registered-nurse-anesthetist-at-anmed-health-3775706676,"Registered Nurse license, Nurse Anesthetist program, Nurse anesthetist, Anesthesia, Critical thinking, Clinical judgment, Anesthesia care"
https://www.linkedin.com/jobs/view/seasonal-key-holder-at-hot-topic-3649074359,"Customer service, Retail experience, Sales experience, High School Diploma or GED, Communication skills, Leadership skills, Ability to stand and walk for long periods of time, Ability to reach for merchandise using a ladder step stool and pole, Ability to move boxes weighing up to 50 pounds"
https://www.linkedin.com/jobs/view/title-i-instructional-assistant-iii-canyon-springs-hs-at-clark-county-school-district-3791798650,"ParaProfessional, Aides, Assistants"
https://www.linkedin.com/jobs/view/nocturnist-physician-job-in-awesome-alabama-locale%21-at-born-bicknell-inc-3578830786,"Full time, 7 on/7 off position, Excellent specialty coverage, Signing bonus, Health insurance, Vision insurance, Dental insurance, Life insurance, 401K, Short term disability, Long term disability, RVU bonus structure, Shopping hub, Medical hub, Tristate area, Access to 3 major airports"
https://www.linkedin.com/jobs/view/shift-lead-licensed-cosmetologist-at-madison-reed-3744470785,"Cosmetology license, Hairdressing license, Operational management experience, Communication skills, Problem solving skills, Troubleshooting skills, Multitasking skills, Organizational skills, Attention to detail, Computer skills, POS (Point of Sale) system experience, Physical Demands: standing walking bending twisting manipulating fingers and hands bending wrists and arms reaching with hands and arms speaking seeing hearing and lifting/moving up to 3 pounds., Medical Dental and Vision Benefits, Paid Time Off program, Disability and Life Insurance, Mental Health Benefits, HSA Employer Contributions and FSA Options, 401k Participation, Learning and Education Programs, Madison Reed Gratis + Discounts on Hair Color Bar Services and Products, Company Sponsored Events"
https://www.linkedin.com/jobs/view/precision-medicine-field-manager-la-ms-at-astrazeneca-3804636896,"Precision Medicine, Companion Diagnostics, Oncology, Clinical Trials, Diagnostic Testing, Molecular Diagnostics, Genetic Counseling, Technical Presentations, Diagnostic Quality Assurance, Regulatory Compliance, Project Management, External Customer Engagement, Teamwork, Communication, Leadership"
https://www.linkedin.com/jobs/view/buyer-at-lotte-aluminium-materials-usa-3797033237,"English proficiency, SAP experience, Microsoft Office Suite (Excel Word PowerPoint), Problemsolving skills, Interpersonal communication skills, Customer service skills, Costsaving analysis skills, Vendor selection and evaluation, Negotiation skills, Inventory management, Cycle counting, Purchasing process implementation, Data entry and maintenance, Physical inventory assistance, Associate's or Bachelor's degree, 1+ year experience in purchasing, 5+ years in lieu of a degree, Manufacturing experience"
https://www.linkedin.com/jobs/view/customer-service-representative-at-david-s-bridal-3785651047,"Customer service, Communication, Problemsolving, Conflict resolution, Systems management, Inventory management, Alterations, Sales promotions, Visual updates, High school diploma, Retail experience, Standing, Walking, Sitting, Reaching, Climbing, Stooping, Kneeling, Crawling, Lifting, Seeing, Peripheral vision, Depth perception, Computer use"
https://www.linkedin.com/jobs/view/supv-registered-nurse-inpt-at-the-university-of-new-mexico-3797508820,"Nursing, Health Care, Patient Care, Medical Records, Medication, CPR, BLS, Health Assessment, Public Health, Telehealth, Clinical Research, Emergency Medicine, Mental Health, Midwifery, Nursing Informatics, Nurse Education, Nurse Leadership, Nurse Management, Nurse Practitioner, Oncology Nursing, Pediatrics, Research, Surgical Nursing, Wound Care, Certified Nursing Assistant, Licensed Practical Nurse, Registered Nurse, Doctor of Nursing Practice, Family Nurse Practitioner, Neonatal Nurse Practitioner, Pediatric Nurse Practitioner, Psychiatry Nurse Practitioner, Women's Health Nurse Practitioner"
https://www.linkedin.com/jobs/view/staff-nurse-aps-at-university-health-3791041084,"Nursing process, AHA Basic Cardiac Life Support, AHA Health Care Provider, Registered Nurse license, AHA BLS Healthcare Provider card, AHA BLS Instructor Provider card"
https://www.linkedin.com/jobs/view/volunteer-tax-assistance-volunteer-at-volunteermatch-3803975815,"IRS certification, Tax preparation, Community outreach, Volunteerism"
https://www.linkedin.com/jobs/view/medical-assistant-nurse-lpn-at-compass-health-network-3792654666,"Medical Assistant, Nurse LPN, Healthcare, Patient Care, Patient Education, Medical Equipment, Medical Office, Microsoft Office Suite, Medical Terminology, Venipuncture, Urinalysis, EKG, Immunization, Medical Records, CLIA, OSHA, Practical Nursing, Medical Office Experience, Medical Assistant Certification, LPN, GPN, MO NCLEX exam"
https://www.linkedin.com/jobs/view/registered-nurse-icu-at-health-advocates-network-at-health-ecareers-3806069788,"Healthcare Staffing, Customer Service, Travel Contracts, Per Diem, Employee Discounts, Health Insurance, Dental Insurance, Vision Insurance, Life Insurance, Disability Insurance, Referral Opportunities, Travel Reimbursement, Per Diem Allowances, Educational Opportunities"
https://uk.linkedin.com/jobs/view/civil-engineer-at-europlan-group-3789378308,"Structural design, Analysis, Engineering formulas, Project layout, Schematic layout, Drafting, Technical expertise, Leadership, Supervision, Engineering techniques, Contract documentation, Tender clarification, Evaluation, Cost estimation, Manhour estimation, Proposal review, Data centre experience, Industrial experience, Commercial experience, Residential experience"
https://www.linkedin.com/jobs/view/pediatrician-sign-on-bonus-%2B-401-k-match-at-health-ecareers-3797836611,"Pediatrician, Healthcare, Medical, Clinical, Patient care, Communication, Teamwork, Problemsolving, Critical thinking, EMR/EHR Systems, HIPAA, Medical terminology, Child development, Adolescent medicine, Preventive care, Immunizations, Wellchild checkups, Sick visits, Acute care, Chronic disease management, Behavioral health, Education, Advocacy"
https://www.linkedin.com/jobs/view/social-content-designer-at-rebalance-health-inc-3793500167,"Social Media Design, Digital Marketing, Digital Advertising, Performance Creative, eCommerce, Meta, TikTok, Adobe Creative Suite, Illustrator, InDesign, Photoshop, Google Suite, Google Docs, Spreadsheets, PowerPoint, Copywriting, UX, Branding, Composition, Layout, Color, Typeface, Color Separation, Design Fundamentals, Digital Design, Graphic Design, Marketing, Fashion, Creative Design, Visual Design, Visual Appeal"
https://www.linkedin.com/jobs/view/senior-software-developer-at-eqhealth-solutions-now-kepro-3645444606,"Functional requirements translation, Development work planning, Application component design development & deployment, Development status communication, Application integrity and availability assurance, Alternative development methodologies research, Team improvement recommendations, Courteous and prompt customer service, Prioritization and professional addressing of requests and assignments, Timely completion of development assignments, Service work process and financial performance improvement identification and recommendation, Quality improvement initiative implementation assistance, Coworker assistance in task and assignment completion, Teamwork support"
https://www.linkedin.com/jobs/view/school-adjustment-counselor-substitute-8-12-weeks-at-falmouth-public-schools-3752812097,"Interpersonal skills, Counseling, Social Work, Child Development, Education, Crisis Intervention, Behavior Intervention Plan, Functional Behavioral Assessment, IEP, Case Management, Human Services, Home assessment, Group processes, Bilingual"
https://www.linkedin.com/jobs/view/specialist-package-freight-at-wynn-las-vegas-3618673333,"Computer technology, Software, Manual pallet jacks, Electric pallet jacks, Forklifts, High school diploma, Two years of experience in the hospitality industry"
https://www.linkedin.com/jobs/view/inventory-control-analyst-at-pactiv-evergreen-inc-3726046534,"Inventory Management, Cycle Counting, Root Cause Analysis, Warehouse Management System (WMS), SAP, JDA (Red Prairie), Enterprise Resource Planning Systems (ERP), APICS CPIM Certification, Financial Acumen, Distribution/Warehouse Logistics, Strong Organization Skills, Multitasking, Prioritization, Sense of Urgency, SelfDirected, Discrepancy Resolution, Written and Verbal Communication Skills, Problem Identification, Issue Resolution, Teamwork, Analytical Skills, Excel Reporting Skills (vlookup pivot tables & macros)"
https://www.linkedin.com/jobs/view/pediatrician-at-health-ecareers-3796497179,"BoardCertified Pediatrician, BC MD, Active license in GA, Experience with high volume, Spanish language proficiency, General sick and well visits, MF schedule, No weekends or call, No inpatient or newborn rounding, Competitive salary, Comprehensive benefits, CME, 401K with match, Relocation assistance"
https://www.linkedin.com/jobs/view/lead-engineer-principal-engineer-powertrain-analysis-at-southwest-research-institute-3749796997,"Powertrain system, Engine, Aftertreatment, Electrification R&D, Simulation, Structural analysis, Thermomechanical fatigue (TMF) analysis, Reporting, Presentation, System performance improvement, Building relationships with new clients, Maintaining existing client communication, Proposal and cost estimate preparation, Mechanical Engineering, Automotive Engineering, GTPower, Experimental validation, Engine or vehicle manufacturer"
https://www.linkedin.com/jobs/view/shift-manager-at-sonic-drive-in-3798546486,"Restaurant Management, Hiring, Training, Team Development, Customer Service, Food Safety, Cleanliness, Efficiency, Cash Handling, Ability to work in a fastpaced environment, Ability to work under pressure, Excellent communication skills, Ability to lead and motivate a team, Ability to solve problems quickly and efficiently, High School Diploma or equivalent"
https://uk.linkedin.com/jobs/view/family-solicitor-at-douglas-scott-legal-recruitment-3797948846,"Family Law, Divorce, Financial, Children Law, Private Funded Matters, Caseload Management, Legal Secretary, Home Office"
https://www.linkedin.com/jobs/view/academic-advisor-i-haslam-college-of-business-at-clickjobs-io-3800728096,"Academic Advising, Educational Planning, Career Development, Experiential Learning, Leadership Development, SelfExploration, Communication Skills, Banner, DARS, Navigate, IT Sources, Internet Programs, BUAD 100, Master's Degree, Student Development, Mentoring, Academic Coaching, Diversity and Intercultural Awareness, Organizational Skills, Project Management, Resume/CV, References, Sexual Misconduct Investigation"
https://www.linkedin.com/jobs/view/registered-nurse-6mw-mhb-at-catholic-health-at-health-ecareers-3806086552,"Leadership, Communication, BLS, ACLS, Computer literacy, Healthcare technology, Healthcare technology innovations, Superuser, Train the trainer, Registered Nurse license, Accredited nursing school"
https://uk.linkedin.com/jobs/view/motorcycle-sales-executive-at-perfect-placement-uk-3789020337,"Motorcycle Sales, Customer Service, Vehicle Demonstrations, Test Drives, Sales Targets, Finance, Insurance, Accessories, Motorcycle Dealer Environment, UK Motorcycle Driving Licence"
https://www.linkedin.com/jobs/view/cook-i-at-university-of-michigan-3796369528,"Communication, Food Preparation, Cleaning, Sanitation, Maintenance, English Proficiency, Flexible Schedule, Food Production Experience, Static Position, Heavy Lifting, Food Safety, Health and Safety, Culinary Excellence, Collective Bargaining Agreement"
https://www.linkedin.com/jobs/view/superintendent-interior-construction-at-layton-construction-3605495502,"Scheduling, Production, Procurement, Manpower, Equipment, Quality, Safety, Constructing with Integrity, Specifications, Project Manager, ""Look Ahead"" Schedules, PreConstruction Meeting, Tools, Materials, Construction Issues, Progress, Clients, Supervisory Personnel, Craft Personnel, Subcontractors, Project Management Plan (PMP), Company Policies, Safety Policies, Quality Standards, Equal Opportunity, Bachelor's degree, Construction, Building Codes, Design Requirements, Blueprints, Finish Carpentry, Administrative Skills, Progress, Coordination, Teamwork, ProblemSolving, Planning, Initiative, CMiC"
https://www.linkedin.com/jobs/view/lead-sales-associate-pt-at-dollar-general-3800849714,"Cashiering, Stocking, Leadership, Planogram implementation, Customer service, Unloading trucks, Receiving and unpacking merchandise, Stock rotation and facing, Merchandise display building, Returned merchandise restocking, Ordering zones and drop shipment categories, Planogram assistance, Customer assistance, Store maintenance, Cleaning, Greeting customers, Register maintenance, Cash register operation, Flatbed scanner operation, Payment collection, Change making, Sidewalk display setup, Store organization, Safe environment maintenance, Customer service leadership, Company policy and procedure adherence, Store opening and closing, Refund authorization and signing, Override authorization and signing, Register counting, Bank deposits, Cashier accountability maintenance, Key control maintenance, Security practice adherence, Cash control procedure adherence, Cash level monitoring, Drawer pulls, Camera monitoring, Paperwork and documentation completion, Mathematical calculations, Cash handling procedures, IBM cash register functions, Safety policies and practices, Planogram reading and following, Merchandise presentation guidance, High school diploma or equivalent, Supervisory experience, Related experience or training"
https://www.linkedin.com/jobs/view/travel-allied-health-professional-cath-lab-technologist-at-totalmed-inc-3801798519,"Cath Lab Technologist, Shift Work, Travel Job, Allied Health Professional, TechnicianCath Lab Tech, Highway Hypodermics, Travel Nursing Central"
https://www.linkedin.com/jobs/view/registered-nurse-same-day-pacu-rn-at-deaconess-health-system-3804084733,"Nursing, Care Providing, Critical Thinking, Judgment, Patient Care, Supervising, Coordinating, Education, Registered Nurse (RN), Kentucky (KY), Compact Licensure"
https://www.linkedin.com/jobs/view/automobile-sales-consultant-noncommissioned-at-don-johnson-auto-group-3787798375,"CRM, Client Relationship Management, Positive attitude, Communication skills, Strong customer service, Willingness to learn, Team player, Fast learner, High school diploma, Clean driving record, Valid driver's license, Computer skills, Attention to detail, Problemsolving skills, Sales skills, Negotiation skills, Ability to work independently, Ability to meet targets, Ability to handle multiple tasks simultaneously, Ability to prioritize tasks, Ability to work under pressure"
https://www.linkedin.com/jobs/view/hematologist-oncologist-at-practicelink-3803486793,"Hematologist/Oncologist, Cancer Treatment, Oncology, Radiation Therapy, CyberKnife®, Intensity Modulated Radiation Therapy, High Dose Radiation, Clinical Trials, Tumor Boards, Thoracic, Breast, Spine, Brain, GI, Complementary Therapies, Infusion Center, EPIC EMR, 4day work week, Competitive compensation, Signing bonus, Relocation assistance, Guaranteed firstyear income, CME reimbursement, Fully paid malpractice insurance, Health coverage options, Retirement plans, Educational loan reimbursement, Clinician Wellbeing program, Coaching, Counseling, Concierge services, Practice experience program, New Clinician Education, Clinician Leadership Development"
https://www.linkedin.com/jobs/view/security-automaton-engineer-at-iceberg-cyber-security-3798712329,"Automation, Python, DevOps, Infrastructure, Security"
https://www.linkedin.com/jobs/view/registered-nurse-surgical-oncology-at-medical-city-dallas-3792229735,"Registered Nurse, Surgical Oncology, BLS Healthcare Provider, American Heart Association, American Red Cross, ONS Chemotherapy Biotherapy Certificate Provider, Oncology, Chemotherapy, Biotherapy, Associate Degree, BSN"
https://www.linkedin.com/jobs/view/travel-allied-health-professional-surgical-technologist-at-rnnetwork-3767296890,"Surgical Technologist, Registered Nurse, Surgical Nursing, Travel Nursing, Shift Work, Nights, Patient Care, Credentials, Licensing, Housing, Travel Arrangements, Weekly Pay, Holiday Pay, Guaranteed Hours, 401k Retirement Plan, Pet Insurance, Company Provided Housing Options, Sick Pay, Referral Bonus, Employee Assistance Programs, Medical Benefits, Dental Benefits, Vision Benefits"
https://www.linkedin.com/jobs/view/lead-sales-associate-ft-at-dollar-general-3580200173,"Customer service, Cash register operation, Stocking and recovering merchandise, Store cleaning, Planogram implementation and maintenance, Store opening and closing, Supervisory experience, Interpersonal and oral communication, Safety policies and practices, Planogram and merchandise presentation guides, Mathematical calculations, Cash handling procedures, Cashier accountability, Deposit control, High school diploma, Frequent walking and standing, Frequent bending stooping and kneeling, Frequent handling of merchandise and equipment, Lifting up to 40 pounds, Climbing up to six feet, Moderate noise level, Occasional exposure to outside weather conditions, Occasional driving"
https://www.linkedin.com/jobs/view/franchising-manager-at-the-habit-burger-grill-3798227861,"Recruitments, Relationship Management, CRM, Project Management, Franchise Development, Financial Economics, Legal Documents, BA, MBA, Negotiation, Communication, Leadership, Time Management, Organizational Skills, Problem Solving, Multitasking, Hiring, Interviewing, Onboarding, Franchise System, Lender Relationships, Cardinal Scorecard, Ambiguity Tolerance, Talent Identification, Interviewing, Financial Statement Analysis, Compensation Structure, Diversity and Inclusion, Equal Opportunity Employment, Reasonable Accommodation, Benefits"
https://www.linkedin.com/jobs/view/principal-manufacturing-process-engineer-at-schwan-s-company-3756069679,"Manufacturing, Productivity, Waste, Efficiency, Data, Process Variability, Standardization, Technical Leadership, Problem Solving, R&D, Capital Engineering, Strategic Projects, Manufacturing Instructions, Standards, Data Analysis Tools, Process Systems, Math, Science, Physics, Audits, Best Practices, Food Manufacturing Forums, Lean, SixSigma, TPM, Statistical Modeling, Data Analytic Tools, MS Excel, VB, SQL, Python, Travel, Leadership, Expertise, Confidence, Strategies, Productivity Commitments, Supply Chain, Benchmarking, Competition, Roadmap, Complexity, Cost, Innovative Technology, Large Data Sets, Partnerships, Productivity, Manufacturing Practices, Team"
https://www.linkedin.com/jobs/view/production-supervisor-at-freshrealm-3771180982,"Manufacturing experience, Knowledge of largescale business startups, Teamwork, Continuous improvement, OSHA HACCP SDS First Aid/CPR Food Hygiene certifications, English proficiency, Bilingual (Spanish) speaking skills, Ability to work in a cold/damp environment, High school diploma or equivalent, Advanced education in Food Safety or Culinary Arts, Firstlevel production management experience, Experience in a fresh food manufacturing environment, Experience applying and enforcing Good Manufacturing Practices (GMPs), Learning Agility, Drive for Results, Functional Skills, Courage, Thoughtful, Business Athlete, Physical Requirements, Work Environment"
https://www.linkedin.com/jobs/view/full-time-merchandising-service-associate-day-at-lowe-s-companies-inc-3798937245,"Customer service, Project management, Communication, Data analysis, Retail operations, Merchandising, Inventory management, Safety, Problem solving, Teamwork, Attention to detail, Physical ability, Ability to work independently, Ability to work under pressure, Ability to multitask, Ability to meet deadlines, Ability to work with customers, Ability to work with vendors, Ability to work with power equipment, Ability to use store equipment, Ability to maintain a safe and secure work environment, Ability to follow statespecific guidelines, Ability to maintain pointofsale signage, Ability to audit and update pricing labels, Ability to adhere to all safety requirements"
https://www.linkedin.com/jobs/view/dump-truck-driver-at-innovative-cleaning-services-llc-3787740895,"IC regulations, Hard mount computer system, Greasing, Maintaining, Inspecting, Loading, Reviewing, Verifying, Gas, Oil, Tires, Lights, Water levels"
https://www.linkedin.com/jobs/view/registered-nurse-at-sutter-health-3801568413,"Healthcare, Nursing, Patient Care, Assessment, Planning, Coordination, Evaluation, Communication, Collaboration, Delegation, Documentation, Education, Transition Planning, RNRegistered Nurse, BLSBasic Life Support, Medical Terminology, Anatomy, Physiology, Microsoft Office Suite, Time Management, Organizational Skills, Problem Solving, Critical Thinking, Confidentiality, Collaborative Relationships, Physical Demands, Mental Components, Visual Activities, Working Conditions, Shift Work, Full Time, Variable Schedule, Every Other Weekend, Benefits, Unions, NonExempt, Regular"
https://www.linkedin.com/jobs/view/superintendent-healthcare-at-ewi-recruitment-3769594197,"Healthcare, MRI, Labs, Renovations, Vehicle allowance, Per diem"
https://ca.linkedin.com/jobs/view/store-manager-at-hot-topic-3714730688,"Retail store management, Communication, Recruiting, Operations, Payroll, Reporting, Scheduling, Merchandising, Social media, Clienteling, Data analysis, Planograms, Mentorship, Recognition, Feedback, High school diploma or GED, Openminded, Inquisitive, Ability to navigate store, Merchandise product, Pack and unpack boxes"
https://www.linkedin.com/jobs/view/rn-registered-nurse-at-trilogy-health-services-at-health-ecareers-3791514460,"Registered Nurse (RN), CPR certification, Knowledge of laws regulations and guidelines related to longterm care, Observation, Expertise, Quick action, Calmness, Lifesaving measures, Physician presence, Medication handling, Meticulous record keeping"
https://www.linkedin.com/jobs/view/account-executive-at-revenuewell-3328069441,"Sales, SAAS, Prospecting, Opportunity management, Closing, Postsales support, Pipeline management, Business acumen, Presentation skills, Negotiation, Communication, Customer service, Entrepreneurial spirit, Gogetter attitude, Remote flexibility, Microsoft Office Suite, CRM"
https://www.linkedin.com/jobs/view/cardiothoracic-surgeon-educator-at-university-of-pennsylvania-at-health-ecareers-3799446716,"Cardiothoracic surgery, Medical instruction, Clinical research, Penn's Division of Cardiovascular Surgery, Hospital of the University of Pennsylvania, Translational Center of Excellence, Penn Aorta Center, Perelman School of Medicine, M. D., M. D./Ph. D., American Board of Thoracic Surgery"
https://www.linkedin.com/jobs/view/physician-sports-medicine-at-mainehealth-3636873353,"Orthopedic Surgery, Sports Medicine, Patient Care, Outpatient Services, Inpatient Services, Call Rotation, Physician Wellness, Work/Life Balance, Medical Education, Collaborative Relationships, Subspecialists, Recreational Opportunities, Public Schools, Private Schools"
https://www.linkedin.com/jobs/view/equipment-engineering-technician-hivac-at-tower-semiconductor-3803335935,"Semiconductor manufacturing, Semiconductor equipment maintenance, Advanced electromechanical systems, Electronic theory, Vacuum and pneumatics theory, Electrical circuits, Motor control systems, Troubleshooting, Problem solving, Root cause analysis, SPC, Data collection and analysis, Pareto analysis, Preventive maintenance, Calibration, Repair, Vendor management, Safety, ERT, Teamwork, Communication, Leadership, Analytical skills, Problemsolving skills, Teamwork skills, Communication skills, Technical skills, Troubleshooting skills, Time management skills, Documentation skills"
https://www.linkedin.com/jobs/view/surgical-technologist-l-full-time-at-massachusetts-eye-and-ear-3792045395,"Surgical Technology, Nursing, Patient Care, Aseptic Technique, Medical Equipment, Communication, Teamwork, ProblemSolving, Attention to Detail, Safety Procedures, Infection Control, HIPPA Privacy, CPR/BLS, High School Diploma, Surgical Technology Program, National Accrediting Body Certification"
https://www.linkedin.com/jobs/view/environmental-svcs-lead-worker-at-covenant-health-3738035459,"Cleaning, Sanitizing, Hospital Safety, Infection Control, Equipment Maintenance, Waste Removal, Biohazardous Waste Handling, Floor Maintenance, Carpet Care, Staffing, Customer Service, Communication, Problem Solving, Quality Improvement, High School Diploma / GED, One Year Environmental Services Experience, NonProfit Based"
https://www.linkedin.com/jobs/view/residential-assistant-project-manager-at-meritus-signature-homes-3797618164,"Project Management, Residential Construction, Custom Home Building, Budget Control, Time Management, Computer Skills, Communication, Client Interaction, Attention to Detail, Critical Thinking, SelfMotivation"
https://www.linkedin.com/jobs/view/yard-associate-at-armor-initiative-3730498342,"Safety, Yard cleanliness, Yard organization, Washing equipment, Cleaning equipment, Maintaining yard, Maintaining shop area, Loading and unloading equipment, Communicating hazards"
https://www.linkedin.com/jobs/view/laborers-for-concrete-construction-milwaukee-wi-at-ceco-concrete-construction-l-l-c-3641286071,"Construction labor, Site cleanup, Material moving, Motorized equipment operation, Power tools, Saws, Concrete pouring, Shoring installation, Shoring removal, Inclement weather, Extreme cold, Extreme heat, Noise, Dust, Lifting, Carrying, Pushing, Pulling, Walking, Stooping, Kneeling, Reaching, Climbing, Power tools, Hammers, Formwork, Concrete construction, Collective bargaining unit"
https://www.linkedin.com/jobs/view/internal-medicine-physician-%24220-000-yearly-%24225-000-yearly-at-doccafe-3794252119,"Physician, Internal Medicine, Physician Assistant, Healthcare, Job Search, Email Alerts, Professional Profile, CV, Medical Credentials, Confidentiality, Career Matching, Job Board"
https://www.linkedin.com/jobs/view/enterprise-account-executive-at-humansignal-3641792072,"Machine Learning, AI, Data Labeling, Data Annotation, Data Curation, Cloud Computing, SaaS, Enterprise Sales, Sales Cycle Management, Consultative Sales, Salesforce, Customer Relationship Management, Communication Skills, Remote Work, ProblemSolving, Customer Needs Analysis, Forecasting, Pipeline Management, Revenue Targets, Strategic Planning, Business Outcome, Team Collaboration, Team Building, Diversity and Inclusion, Equal Opportunity, NonDiscrimination"
