job_link,last_processed_time,got_summary,got_ner,is_being_worked,job_title,company,job_location,first_seen,search_city,search_country,search_position,job_level,job_type
https://www.linkedin.com/jobs/view/rn-cardiopulmonary-full-time-nights-at-central-maine-healthcare-3776448844,2024-01-21 16:15:01.613203+00,t,t,f,"RN, Cardiopulmonary - full time, nights",Central Maine Healthcare,"Lewiston, ME",2024-01-14,Brunswick,United States,Nurse Head,Mid senior,Onsite
https://www.linkedin.com/jobs/view/mental-health-counselors-lmft-lcmhc-lcsw-at-gotham-enterprises-ltd-3766225527,2024-01-19 09:45:09.215838+00,f,f,f,"Mental Health Counselors (LMFT, LCMHC, LCSW)",Gotham Enterprises Ltd,"Dover, NH",2024-01-16,Kittery,United States,Substance Abuse Counselor,Mid senior,Onsite
https://www.linkedin.com/jobs/view/first-year-tax-professional-at-h-r-block-3673379061,2024-01-20 01:21:25.114565+00,t,t,f,First Year Tax Professional,H&R Block,"Lorain, OH",2024-01-14,Lorain,United States,Tax Clerk,Mid senior,Onsite
https://www.linkedin.com/jobs/view/part-time-merchandiser-thousand-oaks-ca-at-american-greetings-3784455009,2024-01-19 09:45:09.215838+00,t,t,f,"Part Time Merchandiser - Thousand Oaks, CA",American Greetings,"Thousand Oaks, CA",2024-01-13,Malibu,United States,Extra,Associate,Onsite
https://www.linkedin.com/jobs/view/new-modalities-quality-antibody-drug-conjugate-lead-at-msd-ireland-3800569050,2024-01-19 17:34:24.963407+00,t,t,f,"New Modalities Quality, Antibody Drug Conjugate Lead",MSD Ireland,"North Wales, PA",2024-01-16,Pottstown,United States,Research Subject,Mid senior,Onsite
https://www.linkedin.com/jobs/view/asset-wealth-management-tax-senior-associate-at-pwc-3691242883,2024-01-21 05:16:24.684137+00,t,t,f,Asset & Wealth Management - Tax Senior Associate,PwC,"Detroit, MI",2024-01-16,Windsor,Canada,Manager Forms Analysis,Mid senior,Onsite
https://www.linkedin.com/jobs/view/senior-client-services-account-manager-family-office-at-armanino-llp-3708946076,2024-01-19 09:45:09.215838+00,t,t,f,"Senior Client Services Account Manager, Family Office",Armanino LLP,"Austin, TX",2024-01-13,Austin,United States,Dispatcher Service,Mid senior,Onsite
https://www.linkedin.com/jobs/view/audit-supervisory-crytpocurrency-at-withum-3628796775,2024-01-19 09:45:09.215838+00,t,t,f,Audit Supervisory Crytpocurrency,Withum,"Whippany, NJ",2024-01-12,Bound Brook,United States,Auditor,Mid senior,Onsite
https://www.linkedin.com/jobs/view/hypersonic-propulsion-performance-engineer-at-ge-aerospace-3789704213,2024-01-19 09:45:09.215838+00,t,t,f,Hypersonic Propulsion Performance Engineer,GE Aerospace,"Bohemia, NY",2024-01-13,Babylon,United States,Customer-Equipment Engineer,Mid senior,Onsite
https://www.linkedin.com/jobs/view/cook-2-direct-hire-at-biogensys-3793685646,2024-01-19 09:45:09.215838+00,t,t,f,Cook 2 - DIRECT HIRE,Biogensys,"Bellevue, WA",2024-01-12,Summit,United States,Chef,Mid senior,Onsite
https://www.linkedin.com/jobs/view/senior-joint-training-analyst-at-saic-3796447881,2024-01-19 09:45:09.215838+00,t,t,f,Senior Joint Training Analyst,SAIC,"Norfolk, VA",2024-01-13,Norfolk,United States,Manager Education And Training,Mid senior,Onsite
https://www.linkedin.com/jobs/view/registered-nurse-emergency-department-at-compunnel-inc-3798960464,2024-01-19 12:47:53.694447+00,t,t,f,Registered Nurse - Emergency Department,Compunnel Inc.,"Fort Wayne, IN",2024-01-14,Fort Wayne,United States,Nurse-Midwife,Mid senior,Onsite
https://www.linkedin.com/jobs/view/beauty-advisor-inside-sales-sally-beauty-03675-at-sally-beauty-3702781510,2024-01-19 14:52:14.648341+00,t,t,f,Beauty Advisor (Inside Sales) Sally Beauty 03675,Sally Beauty,"Athens, AL",2024-01-15,Huntsville,United States,Counter Supervisor,Mid senior,Onsite
https://www.linkedin.com/jobs/view/lead-sales-associate-ft-at-dollar-general-3683451711,2024-01-21 04:33:19.877616+00,t,t,f,LEAD SALES ASSOCIATE-FT,Dollar General,"Dothan, AL",2024-01-14,Dothan,United States,Check Cashier,Mid senior,Onsite
https://www.linkedin.com/jobs/view/office-manager-primary-care-at-hartford-healthcare-3799384482,2024-01-21 14:45:19.884552+00,t,t,f,Office Manager - Primary Care,Hartford HealthCare,"New London, CT",2024-01-14,Groton,United States,Administrative Assistant,Mid senior,Onsite
https://ca.linkedin.com/jobs/view/maintenance-vessel-captain-cooke-aquaculture-inc-at-careerbeacon-3752461054,2024-01-20 02:22:38.407084+00,t,t,f,Maintenance Vessel Captain [Cooke Aquaculture Inc. ],CareerBeacon,"Hermitage, Newfoundland and Labrador, Canada",2024-01-14,Sarnia-Clearwater,Canada,Utility Worker,Mid senior,Onsite
https://www.linkedin.com/jobs/view/global-product-sales-enablement-manager-inverters-at-canadian-solar-inc-3714046900,2024-01-19 09:45:09.215838+00,t,t,f,Global Product Sales Enablement Manager (Inverters),Canadian Solar Inc.,United States,2024-01-12,Smith Center,United States,Change Person,Mid senior,Onsite
https://uk.linkedin.com/jobs/view/grill-chef-at-whitbread-3796316697,2024-01-19 09:45:09.215838+00,t,t,f,Grill Chef,Whitbread,"Weston-super-Mare, England, United Kingdom",2024-01-13,Cardiff,United Kingdom,Cook,Mid senior,Onsite
https://www.linkedin.com/jobs/view/accounting-manager-at-ihire-3797609091,2024-01-19 09:45:09.215838+00,t,t,f,Accounting Manager,iHire,"Westford, MA",2024-01-12,Fitchburg,United States,Accountant,Mid senior,Onsite
https://www.linkedin.com/jobs/view/project-superintendent-at-kci-construction-company-3758727417,2024-01-19 21:54:04.974603+00,t,t,f,Project Superintendent,KCI Construction Company,"St Louis, MO",2024-01-14,Saint Louis,United States,Manager Personnel,Mid senior,Onsite
https://uk.linkedin.com/jobs/view/key-account-manager-at-hays-3441573087,2024-01-19 09:45:09.215838+00,t,t,f,Key Account Manager,Hays,"Chelmsford, England, United Kingdom",2024-01-12,Medway Towns,United Kingdom,Account Executive,Mid senior,Onsite
https://www.linkedin.com/jobs/view/lead-sales-associate-pt-at-dollar-general-3580078739,2024-01-20 03:28:17.356435+00,t,t,f,LEAD SALES ASSOCIATE-PT,Dollar General,"Lauderdale Lakes, FL",2024-01-14,Pompano Beach,United States,Sales Representative Food Products,Mid senior,Onsite
https://www.linkedin.com/jobs/view/shift-maintenance-supervisor-1013464-at-the-judge-group-3748119858,2024-01-20 08:19:08.982577+00,t,t,f,Shift Maintenance Supervisor (1013464),The Judge Group,"Jeddo, PA",2024-01-14,Nanticoke,United States,Electrical Supervisor,Mid senior,Onsite
https://www.linkedin.com/jobs/view/project-superintendent-at-fairway-construction-co-inc-3650212164,2024-01-20 11:37:06.899647+00,t,t,f,Project Superintendent,"Fairway Construction Co., Inc.","Springfield, MO",2024-01-14,Spokane,United States,Scanner,Mid senior,Onsite
https://www.linkedin.com/jobs/view/assistant-salon-manager-talmadge-crossings-at-jobs-for-humanity-3785774073,2024-01-19 09:45:09.215838+00,t,t,f,Assistant Salon Manager - Talmadge Crossings,Jobs for Humanity,"Toledo, OH",2024-01-12,Monroe,United States,Barber,Mid senior,Onsite
https://www.linkedin.com/jobs/view/2nd-shift-supervisor-at-national-strand-products-inc-3795171184,2024-01-19 09:45:09.215838+00,t,t,f,2nd Shift Supervisor,"National Strand Products, Inc.","Baytown, TX",2024-01-13,Dickinson,United States,Production Supervisor,Mid senior,Onsite
https://www.linkedin.com/jobs/view/executive-chef-at-puttshack-3784480651,2024-01-19 09:45:09.215838+00,t,t,f,Executive Chef,Puttshack,"Louisville, KY",2024-01-12,New Albany,United States,Chef,Mid senior,Onsite
https://www.linkedin.com/jobs/view/technical-writer-i-at-predicate-logic-inc-3798751784,2024-01-19 09:45:09.215838+00,t,t,f,Technical Writer I,"Predicate Logic, Inc.","Norfolk, VA",2024-01-13,Norfolk,United States,Documentation Engineer,Mid senior,Onsite
https://www.linkedin.com/jobs/view/operations-assistant-manager-at-dollar-tree-stores-3760634412,2024-01-21 03:51:28.963455+00,t,t,f,OPERATIONS ASSISTANT MANAGER,Dollar Tree Stores,"Edmond, OK",2024-01-14,Arcadia,United States,Set-Key Driver,Mid senior,Onsite
https://www.linkedin.com/jobs/view/volunteer-kitchen-crew-help-a-child-with-serious-illness-experience-the-magic-of-camp-at-flying-horse-farms-3803990130,2024-01-19 19:51:10.569229+00,t,t,f,Volunteer: Kitchen Crew: Help a child with serious illness experience the magic of camp.,Flying Horse Farms,"Mount Gilead, OH",2024-01-14,Sharon,United States,Chef,Associate,Onsite
https://www.linkedin.com/jobs/view/universal-banker-at-self-help-credit-union-3801090374,2024-01-21 16:53:20.148284+00,t,t,f,Universal Banker,Self-Help Credit Union,"Cicero, IL",2024-01-14,Chicago Heights,United States,Teller,Mid senior,Onsite
https://www.linkedin.com/jobs/view/warehouse-manager-flint-mi-at-crh-3803498816,2024-01-21 00:17:13.486569+00,t,t,f,"Warehouse Manager - Flint, MI",CRH,"Flint, MI",2024-01-14,Flushing,United States,Manager Pool,Mid senior,Onsite
https://www.linkedin.com/jobs/view/senior-accountant-at-robert-half-3793770853,2024-01-20 14:06:47.655647+00,t,t,f,Senior Accountant,Robert Half,"Columbus, WI",2024-01-14,Windsor,United States,Accountant,Mid senior,Onsite
https://www.linkedin.com/jobs/view/full-time-assistant-store-leader-store-1415-at-gamestop-3800631938,2024-01-19 09:45:09.215838+00,t,t,f,Full Time Assistant Store Leader (Store 1415),GameStop,"Tacoma, WA",2024-01-12,Puyallup,United States,Change Person,Associate,Onsite
https://www.linkedin.com/jobs/view/customer-service-representative-at-wedriveu-3797817435,2024-01-19 09:45:09.215838+00,t,t,f,Customer Service Representative,WeDriveU,"Richmond, VA",2024-01-12,Montpelier,United States,Claim Examiner,Mid senior,Onsite
https://www.linkedin.com/jobs/view/designer-kids-at-intradeco-3803502417,2024-01-19 09:45:09.215838+00,t,t,f,Designer Kids,Intradeco,"New York, NY",2024-01-13,Eastchester,United States,Designer,Mid senior,Onsite
https://www.linkedin.com/jobs/view/assistant-general-manager-at-mcdonald-s-3756725874,2024-01-19 14:59:30.722793+00,t,t,f,Assistant General Manager,McDonald's,"Fresno, CA",2024-01-14,Clovis,United States,Clerk General,Mid senior,Onsite
https://www.linkedin.com/jobs/view/ob-gyn-sterling-ashburn-at-health-ecareers-3804253836,2024-01-19 09:45:09.215838+00,t,t,f,OB/GYN Sterling/Ashburn,Health eCareers,"Sterling, VA",2024-01-13,Alexandria,United States,Gynecologist,Mid senior,Onsite
https://www.linkedin.com/jobs/view/international-logistics-manager-at-ace-hardware-corporation-3801138652,2024-01-19 14:45:07.066911+00,t,t,f,International Logistics Manager,Ace Hardware Corporation,"Oak Brook, IL",2024-01-14,Homer,United States,Vendor,Mid senior,Onsite
https://www.linkedin.com/jobs/view/special-education-teacher-k-3-at-waterford-country-school-3795510183,2024-01-19 13:40:02.326315+00,t,t,f,Special Education Teacher K-3,Waterford Country School,"Quaker Hill, CT",2024-01-14,Windham,United States,Art Therapist,Mid senior,Onsite
https://www.linkedin.com/jobs/view/entry-level-transportation-engineer-nationwide-us-based-candidates-only-at-arcadis-3701463977,2024-01-21 07:46:01.874746+00,t,t,f,Entry Level Transportation Engineer - Nationwide (US Based Candidates Only),Arcadis,"Dallas, TX",2024-01-14,Arlington,United States,Transportation Engineer,Mid senior,Onsite
https://www.linkedin.com/jobs/view/senior-accountant-at-jobot-3804045720,2024-01-19 09:45:09.215838+00,t,t,f,Senior Accountant,Jobot,"Folsom, CA",2024-01-12,Newcastle,United States,Bookkeeper,Mid senior,Onsite
https://www.linkedin.com/jobs/view/cv-sonographer-casual-mount-carmel-grove-city-at-trinity-health-3661515300,2024-01-19 09:45:09.215838+00,t,t,f,CV Sonographer (Casual) - Mount Carmel Grove City,Trinity Health,"Grove City, OH",2024-01-13,Columbus,United States,Medical Technologist,Mid senior,Onsite
https://ca.linkedin.com/jobs/view/infirmier-ou-infirmi%C3%A8re-gyn%C3%A9co-p%C3%A9diatrie-1-nord-temps-complet-soir-h%C3%B4pital-charles-lemoyne-at-cisss-de-la-mont%C3%A9r%C3%A9gie-centre-3776456949,2024-01-20 17:18:33.666211+00,t,t,f,INFIRMIER OU INFIRMIÈRE - Gynéco-pédiatrie (1 Nord) - Temps complet Soir * Hôpital Charles LeMoyne,CISSS de la Montérégie-Centre,"Saint-Césaire, Quebec, Canada",2024-01-14,Granby,Canada,Christian Science Nurse,Mid senior,Onsite
https://www.linkedin.com/jobs/view/store-co-manager-at-the-home-depot-3785893994,2024-01-19 09:45:09.215838+00,t,t,f,Store Co- Manager,The Home Depot,"Cherry Hill, NJ",2024-01-13,Winslow,United States,Manager Sales,Mid senior,Onsite
https://www.linkedin.com/jobs/view/internal-medicine-physician-lansing-at-uchicago-medicine-3618541623,2024-01-19 09:45:09.215838+00,t,t,f,"Internal Medicine Physician, Lansing",UChicago Medicine,"Lansing, IL",2024-01-13,Hobart,United States,Family Practitioner,Mid senior,Onsite
https://www.linkedin.com/jobs/view/6g5di3-structural-analysis-engineer-3-at-experis-3805598583,2024-01-21 04:56:32.152126+00,t,t,f,6G5DI3-Structural Analysis Engineer 3,Experis,"Tukwila, WA",2024-01-14,Puyallup,United States,Stress Analyst,Mid senior,Onsite
https://www.linkedin.com/jobs/view/lead-salesforce-solution-architect-at-cgi-3805298695,2024-01-19 16:36:00.192623+00,t,t,f,Lead Salesforce Solution Architect,CGI,"Richmond, VA",2024-01-15,Montpelier,United States,Custom Tailor,Mid senior,Onsite
https://www.linkedin.com/jobs/view/volunteer-home-rehabilitation-staff-at-volunteermatch-3803959883,2024-01-19 09:45:09.215838+00,t,t,f,Volunteer: Home Rehabilitation Staff,VolunteerMatch,"Linwood, KS",2024-01-13,Leavenworth,United States,Coordinator Of Rehabilitation Services,Associate,Onsite
https://www.linkedin.com/jobs/view/assistant-athletic-trainer-part-time-at-middlesex-school-3794054709,2024-01-20 09:57:56.723143+00,t,t,f,Assistant Athletic Trainer - Part-Time,Middlesex School,"Concord, MA",2024-01-14,Braintree,United States,Rehabilitation Clerk,Associate,Onsite
https://www.linkedin.com/jobs/view/supervisor-clinical-scheduling-and-staffing-nursing-administration-at-commonwealth-of-massachusetts-3788286706,2024-01-19 09:45:09.215838+00,t,t,f,Supervisor Clinical Scheduling and Staffing (Nursing Administration),Commonwealth of Massachusetts,"Boston, MA",2024-01-13,Ipswich,United States,Dye-House Supervisor,Mid senior,Onsite
https://www.linkedin.com/jobs/view/travel-nurse-rn-or-operating-room-at-triage-consulting-group-3804336592,2024-01-20 08:30:22.798317+00,t,t,f,Travel Nurse - RN - OR - Operating Room,Triage Consulting Group,"Manitowoc, WI",2024-01-14,Pine Bluff,United States,Christian Science Nurse,Mid senior,Onsite
https://uk.linkedin.com/jobs/view/international-aftersales-qc-executive-at-pineapple-furniture-3790827293,2024-01-19 09:45:09.215838+00,t,t,f,International Aftersales & QC Executive,Pineapple Furniture,"Aylesford, England, United Kingdom",2024-01-13,Medway Towns,United Kingdom,Extra,Mid senior,Onsite
https://www.linkedin.com/jobs/view/area-clinical-consultant-mid-michigan-at-abiomed-3801920590,2024-01-19 09:45:09.215838+00,t,t,f,Area Clinical Consultant - Mid Michigan,Abiomed,"Michigan, United States",2024-01-13,Traverse City,United States,Consultant Education,Mid senior,Onsite
https://www.linkedin.com/jobs/view/cosmetologists-castroville-at-fantastic-sams-franchise-corp-3787762287,2024-01-19 09:45:09.215838+00,t,t,f,Cosmetologists Castroville,Fantastic Sams Franchise Corp,"San Antonio, TX",2024-01-13,San Antonio,United States,Manicurist,Mid senior,Onsite
https://www.linkedin.com/jobs/view/buyer-at-michael-page-3774886307,2024-01-19 09:45:09.215838+00,t,t,f,Buyer,Michael Page,"Orchard Park, NY",2024-01-13,West Seneca,United States,Page,Mid senior,Onsite
https://www.linkedin.com/jobs/view/registered-nurse-behavioral-health-prn-at-devereux-advanced-behavioral-health-3786574983,2024-01-21 03:58:07.995159+00,t,t,f,Registered Nurse Behavioral Health (PRN),Devereux Advanced Behavioral Health,"Lawrenceville, GA",2024-01-16,Bethlehem,United States,Psychiatric Technician,Mid senior,Onsite
https://www.linkedin.com/jobs/view/louisville-cpa-reg-tutor-at-varsity-tutors-a-nerdy-company-3796522990,2024-01-19 13:46:25.262902+00,t,t,f,Louisville CPA REG Tutor,"Varsity Tutors, a Nerdy Company","Louisville, KY",2024-01-14,Westport,United States,Tutor,Mid senior,Onsite
https://www.linkedin.com/jobs/view/certified-surgical-technologist-cst-at-amsurg-3575892249,2024-01-20 02:44:43.331642+00,t,t,f,Certified Surgical Technologist - CST,AMSURG,"Knoxville, TN",2024-01-16,Louisville,United States,Polysomnographic Technician,Mid senior,Onsite
https://www.linkedin.com/jobs/view/kitchen-prep-at-bob-evans-restaurants-llc-3803188094,2024-01-20 04:00:14.062201+00,t,t,f,Kitchen Prep,"Bob Evans Restaurants, LLC","Canonsburg, PA",2024-01-14,Steubenville,United States,Stand-In,Associate,Onsite
https://www.linkedin.com/jobs/view/rn-pcu-stepdown-at-healthcare-support-3800586542,2024-01-20 07:42:56.453434+00,t,t,f,- - RN PCU/Stepdown,HealthCare Support,"Youngstown, OH",2024-01-14,Bessemer,United States,Recruiter,Mid senior,Onsite
https://www.linkedin.com/jobs/view/accounting-manager-at-jobot-3805383260,2024-01-21 16:52:55.186889+00,t,t,f,Accounting Manager,Jobot,"Chicago, IL",2024-01-16,Brookfield,United States,Supervisor Accounts Receivable,Mid senior,Onsite
https://www.linkedin.com/jobs/view/nurse-practitioner-prn-hra-at-northeast-healthcare-recruitment-inc-3805763329,2024-01-20 02:28:09.226298+00,t,t,f,Nurse Practitioner PRN ( HRA ),"Northeast Healthcare Recruitment, Inc.","Muncy, PA",2024-01-14,Bloomsburg,United States,Christian Science Nurse,Mid senior,Onsite
https://www.linkedin.com/jobs/view/senior-software-engineer-distributed-systems-at-recruiting-from-scratch-3744395170,2024-01-21 15:58:47.809122+00,t,t,f,"Senior Software Engineer, Distributed Systems",Recruiting from Scratch,"Los Angeles, CA",2024-01-17,Pasadena,United States,Systems Programmer,Mid senior,Onsite
https://www.linkedin.com/jobs/view/substitute-teacher-aide-at-copilot-careers-3804641399,2024-01-19 09:45:09.215838+00,t,t,f,Substitute Teacher Aide,Copilot Careers,"Upper Darby, PA",2024-01-13,Norristown,United States,Music Copyist,Mid senior,Onsite
https://www.linkedin.com/jobs/view/hvac-start-up-sr-service-technician-iii-at-tdindustries-inc-3798836878,2024-01-21 06:57:44.106466+00,t,t,f,HVAC/Start Up - Sr Service Technician III,"TDIndustries, Inc.","Dallas, TX",2024-01-14,Garland,United States,Refrigeration Mechanic,Mid senior,Onsite
https://www.linkedin.com/jobs/view/account-director-at-netcracker-technology-3709748100,2024-01-21 06:50:58.031709+00,t,t,f,Account Director,Netcracker Technology,"San Francisco, CA",2024-01-15,Berkeley,United States,Counter Hand,Mid senior,Onsite
https://www.linkedin.com/jobs/view/customer-solutions-representative-%E2%80%93-collector-starting-april-1-2024-jacksonville-fl-at-ally-3803487228,2024-01-21 02:16:59.639228+00,t,t,f,"Customer Solutions Representative – Collector - Starting April 1, 2024 (Jacksonville, FL)",Ally,"Jacksonville, FL",2024-01-15,Jacksonville,United States,Collector,Mid senior,Onsite
https://www.linkedin.com/jobs/view/engineering-project-manager-airports-at-avcon-inc-3776477030,2024-01-19 09:45:09.215838+00,t,t,f,"Engineering Project Manager, Airports","AVCON, INC.","Fort Lauderdale, FL",2024-01-13,Pompano Beach,United States,Documentation Engineer,Mid senior,Onsite
https://www.linkedin.com/jobs/view/system-of-care-specialist-school-of-social-work-at-university-of-illinois-urbana-champaign-3789752712,2024-01-19 14:28:41.326026+00,t,t,f,System of Care Specialist- School of Social Work,University of Illinois Urbana-Champaign,"Urbana, IL",2024-01-14,Seymour,United States,Change Person,Mid senior,Onsite
https://uk.linkedin.com/jobs/view/employment-solicitor-partner-at-tiptopjob-3794969812,2024-01-19 09:45:09.215838+00,t,t,f,Employment Solicitor (Partner),TipTopJob,"Bristol, England, United Kingdom",2024-01-13,Newport,United Kingdom,Guide,Mid senior,Onsite
https://www.linkedin.com/jobs/view/lead-sales-associate-ft-at-dollar-general-3661944332,2024-01-21 16:51:51.811139+00,t,t,f,LEAD SALES ASSOCIATE-FT,Dollar General,"Gulf Breeze, FL",2024-01-14,Pensacola,United States,Check Cashier,Mid senior,Onsite
https://www.linkedin.com/jobs/view/senior-administrative-assistant-at-atrium-health-3805529275,2024-01-19 09:45:09.215838+00,t,t,f,Senior Administrative Assistant,Atrium Health,"Charlotte, NC",2024-01-13,Gastonia,United States,Emergency Medical Services Coordinator,Mid senior,Onsite
https://www.linkedin.com/jobs/view/assistant-project-manager-at-branch-3802848221,2024-01-20 01:05:13.947696+00,t,t,f,ASSISTANT PROJECT MANAGER,Branch,"Roanoke, VA",2024-01-14,Amsterdam,United States,Field Contractor,Mid senior,Onsite
https://www.linkedin.com/jobs/view/dentist-at-center-for-disability-services-3729158644,2024-01-19 09:45:09.215838+00,t,t,f,Dentist,Center for Disability Services,"Albany, NY",2024-01-13,Cohoes,United States,Dental Assistant,Mid senior,Onsite
https://uk.linkedin.com/jobs/view/social-media-manager-at-switch-mode-technology-inc-3804003727,2024-01-19 18:27:05.791825+00,t,t,f,Social Media Manager,Switch Mode Technology Inc.,"Southampton, England, United Kingdom",2024-01-15,South Hampshire,United Kingdom,Assignment Editor,Mid senior,Onsite
https://www.linkedin.com/jobs/view/operations-manager-at-chopin-foundation-of-the-united-states-inc-3796824330,2024-01-19 09:45:09.215838+00,t,t,f,Operations Manager,CHOPIN FOUNDATION OF THE UNITED STATES INC,"Miami, FL",2024-01-13,Hialeah,United States,Manager Employment,Mid senior,Onsite
https://www.linkedin.com/jobs/view/grill-cook-at-bob-evans-restaurants-llc-3803185639,2024-01-19 18:04:08.342467+00,t,t,f,Grill Cook,"Bob Evans Restaurants, LLC","Vero Beach, FL",2024-01-15,Fitzgerald,United States,Cook Apprentice Pastry,Associate,Onsite
https://www.linkedin.com/jobs/view/lead-service-associate-at-rite-aid-3692583062,2024-01-19 09:45:09.215838+00,f,f,f,Lead Service Associate,RITE AID,"Orchard Park, NY",2024-01-16,East Aurora,United States,Food-Service Supervisor,Mid senior,Onsite
https://www.linkedin.com/jobs/view/machined-parts-inspector-cmm-programmer-operator-lead-at-amratec-engineering-3802755643,2024-01-21 15:16:31.644645+00,t,t,f,Machined Parts Inspector - CMM Programmer Operator - LEAD,Amratec Engineering,"Torrance, CA",2024-01-15,Pasadena,United States,Boxing Inspector,Mid senior,Onsite
https://www.linkedin.com/jobs/view/line-cook-at-fearless-restaurants-3792202347,2024-01-19 09:45:09.215838+00,t,t,f,Line Cook,Fearless Restaurants,"Glen Mills, PA",2024-01-13,Norristown,United States,Garde Manger,Associate,Onsite
https://www.linkedin.com/jobs/view/senior-software-engineer-full-stack-nodejs-javascript-reactjs-at-jobs-for-humanity-3804056271,2024-01-19 09:45:09.215838+00,t,t,f,"Senior Software Engineer, Full Stack (NodeJS, Javascript, ReactJS)",Jobs for Humanity,"Albany, NY",2024-01-13,Cohoes,United States,Computer Operator,Mid senior,Onsite
https://www.linkedin.com/jobs/view/family-law-attorney-at-marble-law-3803960067,2024-01-19 09:45:09.215838+00,t,t,f,Family Law Attorney,Marble Law,"Sunland Park, NM",2024-01-13,Socorro,United States,Lawyer,Mid senior,Onsite
https://www.linkedin.com/jobs/view/commissioning-opportunities-with-hdr-at-hdr-3780594223,2024-01-19 09:45:09.215838+00,t,t,f,Commissioning Opportunities with HDR,HDR,"Woodcliff Lake, NJ",2024-01-13,Oak Ridge,United States,Controller,Mid senior,Onsite
https://www.linkedin.com/jobs/view/shift-leader-part-time-at-zaxby-s-franchising-llc-3788654186,2024-01-20 12:37:49.507054+00,t,t,f,Shift Leader - Part-Time,Zaxby's Franchising LLC,"Concord, NC",2024-01-14,North Carolina,United States,Stand-In,Mid senior,Onsite
https://www.linkedin.com/jobs/view/beauty-specialist-located-in-minneapolis-saint-paul-international-airport-at-hudson-group-3801647948,2024-01-21 03:52:38.067041+00,t,t,f,Beauty Specialist - Located in Minneapolis Saint Paul International Airport,Hudson Group,"Crystal, MN",2024-01-14,Orono,United States,Special Effects Specialist,Mid senior,Onsite
https://www.linkedin.com/jobs/view/commissioning-opportunities-with-hdr-at-hdr-3780590848,2024-01-20 16:32:02.491976+00,t,t,f,Commissioning Opportunities with HDR,HDR,"Atlanta, GA",2024-01-16,Duluth,United States,Fire-Protection Engineer,Mid senior,Onsite
https://www.linkedin.com/jobs/view/store-associate-at-flowerhire-3804656125,2024-01-20 10:15:01.884622+00,t,t,f,Store Associate,FlowerHire,"Justice, IL",2024-01-15,Naperville,United States,Clearing Supervisor,Associate,Onsite
https://au.linkedin.com/jobs/view/assistant-manager-tattersalls-hotel-at-alh-hotels-3775136556,2024-01-19 09:45:09.215838+00,t,t,f,Assistant Manager - Tattersalls Hotel,ALH Hotels,"Sydney, New South Wales, Australia",2024-01-13,New South Wales,Australia,Food-Service Driver,Mid senior,Onsite
https://www.linkedin.com/jobs/view/field-technician-at-jobs-for-humanity-3804392920,2024-01-20 04:23:03.843033+00,t,t,f,Field Technician,Jobs for Humanity,"Steamboat Springs, CO",2024-01-14,Colorado,United States,Field Service Technician,Mid senior,Onsite
https://www.linkedin.com/jobs/view/rn-hospice-case-manager-somerset-county-nj-at-jobot-3804042779,2024-01-19 09:45:09.215838+00,t,t,f,RN Hospice Case Manager - Somerset County NJ,Jobot,"Ridge, NY",2024-01-13,Bridgeport,United States,Nurse Consultant,Mid senior,Onsite
https://ca.linkedin.com/jobs/view/senior-applications-engineer-47785br-at-synopsys-inc-3797270441,2024-01-20 00:50:02.501189+00,t,t,f,Senior Applications Engineer - 47785BR,Synopsys Inc,"Markham, Ontario, Canada",2024-01-14,Oshawa,Canada,Electrical-Research Engineer,Mid senior,Onsite
https://uk.linkedin.com/jobs/view/charge-nurse-at-essex-partnership-university-nhs-foundation-trust-3804980618,2024-01-20 09:25:36.07274+00,t,t,f,Charge Nurse,Essex Partnership University NHS Foundation Trust,"Chelmsford, England, United Kingdom",2024-01-14,Southend-on-Sea,United Kingdom,Dye-House Supervisor,Mid senior,Onsite
https://www.linkedin.com/jobs/view/senior-technology-sales-representative-commercial-print-specialist-at-konica-minolta-business-solutions-canada-3741920411,2024-01-19 09:45:09.215838+00,t,t,f,Senior Technology Sales Representative - Commercial Print Specialist,Konica Minolta Business Solutions Canada,"Louisville, KY",2024-01-12,Corydon,United States,Account Executive,Mid senior,Onsite
https://uk.linkedin.com/jobs/view/pelvic-health-physiotherapist-at-sheffield-teaching-hospitals-nhs-foundation-trust-3792954746,2024-01-19 09:45:09.215838+00,t,t,f,Pelvic Health Physiotherapist,Sheffield Teaching Hospitals NHS Foundation Trust,"Sheffield, England, United Kingdom",2024-01-13,Mansfield,United Kingdom,Physical Therapist,Mid senior,Onsite
https://www.linkedin.com/jobs/view/financial-reporting-manager-at-cambay-healthcare-llc-3802810557,2024-01-20 12:18:05.937445+00,t,t,f,Financial Reporting Manager,"Cambay Healthcare, LLC","Coos Bay, OR",2024-01-14,Coos Bay,United States,Supervisor,Mid senior,Onsite
https://www.linkedin.com/jobs/view/osp-program-manager-i-at-circet-usa-3797539126,2024-01-19 09:45:09.215838+00,t,t,f,OSP Program Manager I,Circet USA,"Albuquerque, NM",2024-01-13,Albuquerque,United States,Program Coordinator,Mid senior,Onsite
https://www.linkedin.com/jobs/view/administrative-assistant-2-at-massachusetts-institute-of-technology-3679037369,2024-01-19 09:45:09.215838+00,t,t,f,Administrative Assistant 2,Massachusetts Institute of Technology,"Cambridge, MA",2024-01-13,Beverly,United States,Data Entry Clerk,Mid senior,Onsite
https://www.linkedin.com/jobs/view/travel-radiology-technologist-%242-356-per-week-at-next-move-healthcare-3804614503,2024-01-19 16:49:48.068769+00,t,t,f,"Travel Radiology Technologist - $2,356 per week",Next Move Healthcare,"Fort Wayne, IN",2024-01-13,Indiana,United States,Radiologic Technologist,Mid senior,Onsite
https://www.linkedin.com/jobs/view/steward-supervisor-full-time-at-omni-hotels-resorts-3797974916,2024-01-19 09:45:09.215838+00,t,t,f,Steward Supervisor - Full Time,Omni Hotels & Resorts,"Carlsbad, CA",2024-01-13,Oceanside,United States,Driver Supervisor,Mid senior,Onsite
https://www.linkedin.com/jobs/view/volunteer-hospice-companion-at-vitality-hospice-and-palliative-care-3803991585,2024-01-21 03:32:49.626243+00,t,t,f,Volunteer: Hospice Companion,Vitality Hospice and Palliative Care,"New Hope, PA",2024-01-14,Pennsylvania,United States,Companion,Associate,Onsite
https://www.linkedin.com/jobs/view/first-year-tax-professional-at-h-r-block-3673542646,2024-01-19 09:45:09.215838+00,t,t,f,First Year Tax Professional,H&R Block,"Monument, CO",2024-01-12,Florissant,United States,Accountant,Mid senior,Onsite
https://www.linkedin.com/jobs/view/physician-assistant-family-medicine-muhlenberg-at-penn-state-health-3781911967,2024-01-19 09:45:09.215838+00,t,t,f,Physician Assistant - Family Medicine Muhlenberg,Penn State Health,"Muhlenberg, PA",2024-01-13,Exeter,United States,Graduate Assistant,Mid senior,Onsite
https://uk.linkedin.com/jobs/view/quality-manager-at-eviosys-3802382879,2024-01-19 09:45:09.215838+00,t,t,f,Quality Manager,Eviosys,"Wisbech, England, United Kingdom",2024-01-13,Peterborough,United Kingdom,Manager Compensation,Mid senior,Onsite
https://www.linkedin.com/jobs/view/information-security-analyst-at-dice-3805520544,2024-01-19 09:45:09.215838+00,t,t,f,Information Security Analyst,Dice,"Irving, TX",2024-01-13,Fort Worth,United States,Job Analyst,Mid senior,Onsite
https://www.linkedin.com/jobs/view/restaurant-entertainment-manager-at-bowlero-corporation-3794328957,2024-01-19 09:45:09.215838+00,t,t,f,Restaurant / Entertainment Manager,Bowlero Corporation,"Centereach, NY",2024-01-12,Bridgeport,United States,Bakery Supervisor,Mid senior,Onsite
https://www.linkedin.com/jobs/view/raft-pilot-black-canyon-rafting-at-guest-services-inc-3795890177,2024-01-19 10:57:51.595586+00,t,t,f,Raft Pilot - Black Canyon Rafting,"Guest Services, Inc.","Boulder City, NV",2024-01-14,Las Vegas,United States,River,Mid senior,Onsite
https://uk.linkedin.com/jobs/view/store-manager-at-clickjobs-io-3797083999,2024-01-19 09:45:09.215838+00,t,t,f,Store Manager,ClickJobs.io,"Scotland, United Kingdom",2024-01-13,Edinburgh,United Kingdom,Head Coach,Mid senior,Onsite
https://www.linkedin.com/jobs/view/field-case-manager-rn-essex-county-nj-at-cvs-health-at-health-ecareers-3801754203,2024-01-19 09:45:09.215838+00,t,t,f,"Field Case Manager RN Essex County, NJ at CVS Health",Health eCareers,"Middlesex County, NJ",2024-01-13,Bound Brook,United States,Interpreter,Mid senior,Onsite
https://www.linkedin.com/jobs/view/general-manager-funden-at-ltv-saas-growth-fund-3786735417,2024-01-21 09:04:56.879887+00,t,t,f,General Manager - Funden,LTV SaaS Growth Fund,New York City Metropolitan Area,2024-01-16,Oyster Bay,United States,Supervisor Landscape,Mid senior,Onsite
https://www.linkedin.com/jobs/view/radiological-technologist-%242-500-sign-on-bonus-at-medstar-health-3778273974,2024-01-19 09:45:09.215838+00,t,t,f,"Radiological Technologist - $2,500 Sign-On Bonus",MedStar Health,"Washington, DC",2024-01-13,Alexandria,United States,Orderly,Mid senior,Onsite
https://au.linkedin.com/jobs/view/azure-integration-developer-qld-at-chamonix-it-3786158167,2024-01-19 09:45:09.215838+00,t,t,f,Azure Integration Developer (QLD),Chamonix IT,"Brisbane, Queensland, Australia",2024-01-13,Deception Bay,Australia,Computer Programmer,Mid senior,Onsite
https://uk.linkedin.com/jobs/view/tax-semi-senior-at-square-peg-associates-limited-3795827674,2024-01-20 04:47:57.925413+00,t,t,f,Tax Semi Senior,SQUARE PEG ASSOCIATES LIMITED,"Bolton, England, United Kingdom",2024-01-14,Liverpool,United Kingdom,Tax Preparer,Mid senior,Onsite
https://www.linkedin.com/jobs/view/associate-bond-claims-examiner-at-tokio-marine-hcc-3761197951,2024-01-19 09:45:09.215838+00,t,t,f,Associate Bond Claims Examiner,Tokio Marine HCC,"Los Angeles, CA",2024-01-12,Pasadena,United States,Claims Clerk,Mid senior,Onsite
https://www.linkedin.com/jobs/view/territory-sales-manager-outside-eyewear-sales-eastern-new-jersey-at-clearvision-optical-3793913692,2024-01-19 09:45:09.215838+00,t,t,f,Territory Sales Manager- Outside Eyewear Sales (Eastern New Jersey),ClearVision Optical,"Toms River, NJ",2024-01-13,Asbury Park,United States,Director Stage,Mid senior,Onsite
https://www.linkedin.com/jobs/view/sales-manager-at-stonebridge-companies-3781685268,2024-01-19 09:45:09.215838+00,f,f,f,Sales Manager,Stonebridge Companies,"Las Vegas, NV",2024-01-16,Enterprise,United States,Supervisor Drawing,Mid senior,Onsite
https://www.linkedin.com/jobs/view/nuclear-medicine-pet-ct-technologist-eau-claire-wi-2519-at-shared-medical-services-inc-3738672205,2024-01-21 17:18:55.53005+00,t,t,f,"Nuclear Medicine PET/CT Technologist - Eau Claire, WI - 2519","Shared Medical Services, Inc.","Eau Claire, WI",2024-01-16,Wisconsin,United States,Manager Lodging Facilities,Mid senior,Onsite
https://www.linkedin.com/jobs/view/sr-machinist-3rd-shift-at-conmed-corporation-3802717150,2024-01-19 09:45:09.215838+00,t,t,f,Sr Machinist - 3rd Shift,CONMED Corporation,"Largo, FL",2024-01-12,Seminole,United States,Assembly Technician,Mid senior,Onsite
https://www.linkedin.com/jobs/view/travel-rn-nicu-neonatal-intensive-care-at-leaderstat-3760481134,2024-01-20 07:44:43.159537+00,t,t,f,Travel RN - NICU - Neonatal Intensive Care,LeaderStat,"Middletown, NY",2024-01-14,Rock Hill,United States,Recruiter,Mid senior,Onsite
https://www.linkedin.com/jobs/view/rn-registered-nurse-24026880expplat-at-travelnursesource-3805114085,2024-01-20 17:27:02.894912+00,t,t,f,RN - Registered Nurse - 24026880EXPPLAT,TravelNurseSource,"Omaha, NE",2024-01-14,Gretna,United States,Nurse Supervisor,Mid senior,Onsite
https://www.linkedin.com/jobs/view/earn-up-to-%241-500-week-fix-cars-as-a-mobile-mechanic-at-yourmechanic-acquired-3787722680,2024-01-19 09:45:09.215838+00,t,t,f,"***EARN UP TO $1,500/WEEK - FIX CARS AS A MOBILE MECHANIC***",YourMechanic (Acquired),"Nashville, TN",2024-01-12,Nashville,United States,Automobile Mechanic,Mid senior,Onsite
https://www.linkedin.com/jobs/view/senior-mechanical-engineer-at-jobot-3804043892,2024-01-19 09:45:09.215838+00,t,t,f,Senior Mechanical Engineer,Jobot,"Gulf Stream, FL",2024-01-12,Pompano Beach,United States,Central-Office Equipment Engineer,Mid senior,Onsite
https://uk.linkedin.com/jobs/view/financial-services-us-global-compliance-reporting-tax-compliance-manager-london-at-ey-2665837767,2024-01-21 14:53:00.219126+00,t,t,f,Financial Services - US Global Compliance & Reporting - Tax Compliance Manager - London,EY,"London, England, United Kingdom",2024-01-14,Basildon,United Kingdom,Retirement Officer,Mid senior,Onsite
https://www.linkedin.com/jobs/view/phlebotomist-prn-at-lewisgale-regional-health-system-3803494273,2024-01-19 09:45:09.215838+00,t,t,f,Phlebotomist PRN,LewisGale Regional Health System,"Salem, VA",2024-01-13,Virginia,United States,Medical Assistant,Mid senior,Onsite
https://www.linkedin.com/jobs/view/host-hostess-at-denny-s-3650495090,2024-01-20 02:20:28.831959+00,t,t,f,Host/Hostess,Denny's,"Mission, TX",2024-01-14,Edinburg,United States,Fountain Server,Mid senior,Onsite
https://www.linkedin.com/jobs/view/scheduler-planner-at-amentum-3770197341,2024-01-19 09:45:09.215838+00,t,t,f,Scheduler Planner,Amentum,"Florida, United States",2024-01-13,Beverly Hills,United States,Maintenance Supervisor,Mid senior,Onsite
https://ca.linkedin.com/jobs/view/hydrogeologist-at-slr-consulting-3712529291,2024-01-21 02:30:09.933156+00,t,t,f,Hydrogeologist,SLR Consulting,"Toronto, Ontario, Canada",2024-01-16,North York,Canada,Geologist,Mid senior,Onsite
https://www.linkedin.com/jobs/view/registered-nurse-rn-inpatient-dialysis-paid-dialysis-training-provided%21-at-davita-kidney-care-3730034836,2024-01-19 09:45:09.215838+00,t,t,f,Registered Nurse - RN Inpatient Dialysis - Paid dialysis training provided!,DaVita Kidney Care,"Wichita, KS",2024-01-13,Kansas,United States,Dialysis Technician,Mid senior,Onsite
https://uk.linkedin.com/jobs/view/senior-on-site-technician-at-project-people-3798319057,2024-01-19 09:45:09.215838+00,t,t,f,Senior On-site Technician,Project People,"Southampton, England, United Kingdom",2024-01-13,South Hampshire,United Kingdom,Fitter,Mid senior,Onsite
https://www.linkedin.com/jobs/view/ambulatory-services-nurse-ii-at-sutter-health-3804378298,2024-01-21 06:24:55.990766+00,t,t,f,Ambulatory Services Nurse II,Sutter Health,"San Francisco, CA",2024-01-14,Novato,United States,Nurse Office,Mid senior,Onsite
https://www.linkedin.com/jobs/view/trust-and-estate-senior-tax-associate-at-withum-3779281376,2024-01-19 09:45:09.215838+00,t,t,f,Trust and Estate Senior Tax Associate,Withum,"Orlando, FL",2024-01-13,Avondale,United States,Instructor,Associate,Onsite
https://www.linkedin.com/jobs/view/60%24-hour-rn-long-term-care-ltc-%21-at-maxim-healthcare-staffing-at-health-ecareers-3805708746,2024-01-21 00:14:14.504919+00,t,t,f,60$/hour RN Long Term Care (LTC) ! at Maxim Healthcare Staffing,Health eCareers,"Stony Brook, NY",2024-01-14,Eastport,United States,Companion,Mid senior,Onsite
https://www.linkedin.com/jobs/view/assistant-manager-full-time-at-maurices-3744468179,2024-01-19 11:13:48.84693+00,t,t,f,Assistant Manager - full time,maurices,"Roseburg, OR",2024-01-14,Roseburg,United States,Driver,Mid senior,Onsite
https://www.linkedin.com/jobs/view/mechanical-engineer-at-nederman-3801527341,2024-01-19 09:45:09.215838+00,t,t,f,Mechanical Engineer,Nederman,"Charlotte, NC",2024-01-13,Gastonia,United States,Customer-Equipment Engineer,Associate,Onsite
https://www.linkedin.com/jobs/view/travel-rn-med-surg-at-idr-healthcare-3805742923,2024-01-19 22:57:20.146862+00,t,t,f,Travel RN - Med Surg,IDR Healthcare,"Maysville, KY",2024-01-14,Maysville,United States,Counselor,Mid senior,Onsite
https://www.linkedin.com/jobs/view/volunteer-set-up-and-break-down-crew-%23mlk-at-volunteermatch-3803979767,2024-01-21 02:52:43.605482+00,t,t,f,Volunteer: Set up and break down crew #MLK,VolunteerMatch,"Newark, NJ",2024-01-14,Westfield,United States,Driver,Associate,Onsite
https://www.linkedin.com/jobs/view/outpatient-internal-medicine-pcp-at-novant-health-3784024769,2024-01-20 01:13:55.218459+00,t,t,f,Outpatient Internal Medicine PCP,Novant Health,"Huntersville, NC",2024-01-16,Gastonia,United States,Internist,Mid senior,Onsite
https://www.linkedin.com/jobs/view/mes-software-engineer-at-barry-wehmiller-design-group-3798876171,2024-01-19 09:45:09.215838+00,t,t,f,MES Software Engineer,Barry-Wehmiller Design Group,"Carrollton, TX",2024-01-12,Garland,United States,Agricultural-Research Engineer,Associate,Onsite
https://www.linkedin.com/jobs/view/procurement-operations-manager-at-revolution-foods-3802523347,2024-01-19 16:53:16.419935+00,t,t,f,Procurement Operations Manager,Revolution Foods,"Commerce, CA",2024-01-14,Anaheim,United States,Manager Department,Mid senior,Onsite
https://www.linkedin.com/jobs/view/shift-leader-2826-at-panda-restaurant-group-3346122094,2024-01-19 09:45:09.215838+00,t,t,f,Shift Leader - 2826,Panda Restaurant Group,"Pittsburgh, PA",2024-01-13,Monroeville,United States,Handler,Mid senior,Onsite
https://www.linkedin.com/jobs/view/travel-rn-long-term-acute-care-at-onestaff-medical-3798973575,2024-01-19 09:45:09.215838+00,t,t,f,Travel RN - Long Term Acute Care,OneStaff Medical,"Kansas City, KS",2024-01-13,Leavenworth,United States,Nurse Infection Control,Mid senior,Onsite
https://www.linkedin.com/jobs/view/aprn-pa-ii-pa-or-acute-care-np-inpatient-pulmonary-medicine-apu-at-cleveland-clinic-3771473687,2024-01-21 14:48:16.168962+00,t,t,f,APRN PA II (PA or Acute Care NP) Inpatient Pulmonary Medicine (APU),Cleveland Clinic,"Cleveland, OH",2024-01-14,Painesville,United States,Pathologist,Mid senior,Onsite
https://uk.linkedin.com/jobs/view/bar-manager-at-individual-restaurants-3804415930,2024-01-21 01:30:54.517856+00,t,t,f,Bar Manager,Individual Restaurants,"Harrogate, England, United Kingdom",2024-01-14,York,United Kingdom,Bartender,Mid senior,Onsite
https://uk.linkedin.com/jobs/view/operational-finance-manager-at-michael-page-3731072105,2024-01-21 05:16:36.592091+00,t,t,f,Operational Finance Manager,Michael Page,"Knutsford, England, United Kingdom",2024-01-17,Warrington,United Kingdom,Supervisor Trust Accounts,Mid senior,Onsite
https://uk.linkedin.com/jobs/view/reward-analyst-at-southcentral-employment-corporation-3804360531,2024-01-19 09:45:09.215838+00,t,t,f,Reward Analyst,Southcentral Employment Corporation,"City of London, England, United Kingdom",2024-01-13,Greater London,United Kingdom,Manager Compensation,Mid senior,Onsite
https://www.linkedin.com/jobs/view/92y-unit-supply-specialist-warehouse-manager-at-army-national-guard-3795131709,2024-01-21 06:56:06.227964+00,t,t,f,92Y Unit Supply Specialist - Warehouse Manager,Army National Guard,"Alma, MI",2024-01-15,Michigan,United States,Control Clerk,Mid senior,Onsite
https://www.linkedin.com/jobs/view/hvac-service-technician-at-lane-valente-industries-3798212308,2024-01-19 09:45:09.215838+00,t,t,f,HVAC Service Technician,Lane Valente Industries,"Orlando, FL",2024-01-12,Avondale,United States,Assembler Product,Mid senior,Onsite
https://www.linkedin.com/jobs/view/2024-rise-full-time-dvm-vmd-mentorship-program-newtown-ct-at-petvet-care-centers-3794436073,2024-01-19 09:45:09.215838+00,t,t,f,"2024 RISE Full-Time DVM/VMD Mentorship Program- Newtown, CT",PetVet Care Centers,"Newtown, CT",2024-01-13,Bridgeport,United States,Companion,Mid senior,Onsite
https://www.linkedin.com/jobs/view/assistant-manager-at-citi-trends-3756317482,2024-01-19 09:45:09.215838+00,t,t,f,Assistant Manager,Citi Trends,"Duquesne, PA",2024-01-13,Monroeville,United States,Director Stage,Mid senior,Onsite
https://uk.linkedin.com/jobs/view/experienced-recruiter-at-everpool-recruitment-3794991346,2024-01-20 07:24:36.774815+00,t,t,f,Experienced Recruiter,Everpool Recruitment,"Bootle, England, United Kingdom",2024-01-14,Liverpool,United Kingdom,Recruiter,Mid senior,Onsite
https://www.linkedin.com/jobs/view/rn-renal-oncology-ft-shift-tbd-at-mercy-3794565013,2024-01-19 18:43:54.798175+00,t,t,f,"RN - Renal / Oncology, FT/ Shift TBD",Mercy,"Joplin, MO",2024-01-14,Joplin,United States,Transplant Coordinator,Mid senior,Onsite
https://uk.linkedin.com/jobs/view/customer-investigations-agent-at-fis-3798660449,2024-01-19 09:45:09.215838+00,t,t,f,Customer Investigations Agent,FIS,"Manchester, England, United Kingdom",2024-01-12,Blackburn,United Kingdom,Claim Examiner,Mid senior,Onsite
https://www.linkedin.com/jobs/view/foreman-structural-steel-at-zachry-group-3775305685,2024-01-21 17:01:59.109462+00,t,t,f,Foreman Structural Steel,Zachry Group,"Port Sulphur, LA",2024-01-16,Louisiana,United States,Lead Former,Mid senior,Onsite
https://www.linkedin.com/jobs/view/area-planner-hot-mill-at-fluor-corporation-3765044821,2024-01-21 05:03:29.313999+00,t,t,f,Area Planner- Hot Mill,Fluor Corporation,"Bay Minette, AL",2024-01-14,Alabama,United States,Tool Planner,Mid senior,Onsite
https://www.linkedin.com/jobs/view/contact-center-supervisor-at-dirad-technologies-3737662955,2024-01-19 09:45:09.215838+00,t,t,f,Contact Center Supervisor,DiRAD Technologies,"Clifton Park, NY",2024-01-12,Cohoes,United States,Change Person,Mid senior,Onsite
https://www.linkedin.com/jobs/view/senior-software-engineer-android-at-jobs-for-humanity-3804321879,2024-01-19 09:45:09.215838+00,t,t,f,"Senior Software Engineer, Android",Jobs for Humanity,"Grand Rapids, MI",2024-01-13,Grand Rapids,United States,Electrical-Research Engineer,Mid senior,Onsite
https://www.linkedin.com/jobs/view/accountant-at-fladger-associates-3793657671,2024-01-19 09:45:09.215838+00,t,t,f,Accountant,Fladger Associates,"Ridgefield, CT",2024-01-12,Bridgeport,United States,Accounting Clerk,Mid senior,Onsite
https://www.linkedin.com/jobs/view/sr-hardware-engineer-at-nr-consulting-3768022460,2024-01-19 09:45:09.215838+00,t,t,f,Sr. Hardware Engineer,NR Consulting,"Cleveland, OH",2024-01-13,Cleveland Heights,United States,Controls Designer,Mid senior,Onsite
https://www.linkedin.com/jobs/view/senior-audit-manager-international-compliance-at-u-s-bank-3725764460,2024-01-19 09:45:09.215838+00,t,t,f,Senior Audit Manager - International Compliance,U.S. Bank,"Atlanta, GA",2024-01-13,Stockbridge,United States,Director Stage,Mid senior,Onsite
https://www.linkedin.com/jobs/view/holiday-temporary-sales-associate-calvin-klein-at-calvin-klein-3735716809,2024-01-19 09:45:09.215838+00,t,t,f,Holiday Temporary Sales Associate - CALVIN KLEIN,Calvin Klein,"Estero, FL",2024-01-12,Cape May,United States,Circulation-Sales Representative,Associate,Onsite
https://ca.linkedin.com/jobs/view/planner-material-management-and-control-at-cmc-electronics-3801126102,2024-01-20 02:39:44.057324+00,t,t,f,"Planner, material management and control",CMC Electronics,"Montreal, Quebec, Canada",2024-01-14,Côte-Saint-Luc,Canada,Tool Planner,Mid senior,Onsite
https://www.linkedin.com/jobs/view/data-science-engineer-internship-summer-2024-at-ccc-intelligent-solutions-3738623227,2024-01-21 04:16:42.086881+00,t,t,f,Data Science Engineer Internship Summer 2024,CCC Intelligent Solutions,"Chicago, IL",2024-01-14,Brookfield,United States,Computer Operator,Associate,Onsite
https://www.linkedin.com/jobs/view/registered-nurse-at-fenway-health-at-health-ecareers-3801759780,2024-01-20 05:17:24.923307+00,t,t,f,Registered Nurse at Fenway Health,Health eCareers,"Boston, MA",2024-01-14,Ipswich,United States,Nurse Staff Community Health,Mid senior,Onsite
https://www.linkedin.com/jobs/view/pm-caregiver-beautiful-new-senior-living-community-shakopee-at-suite-living-senior-care-3777367027,2024-01-19 09:45:09.215838+00,t,t,f,PM Caregiver - Beautiful New Senior Living Community - Shakopee,Suite Living Senior Care,"Shakopee, MN",2024-01-13,Minneapolis,United States,Companion,Mid senior,Onsite
https://www.linkedin.com/jobs/view/distribution-logistics-supervisor-management-consultant-tk-at-db-a-dewolff-boberg-associates-inc-3733569356,2024-01-21 04:04:22.711906+00,t,t,f,Distribution Logistics Supervisor Management Consultant (TK),"DB&A - DeWolff, Boberg & Associates, Inc","Chicago, IL",2024-01-14,Chicago,United States,Tier,Mid senior,Onsite
https://www.linkedin.com/jobs/view/travel-allied-health-professional-ultrasound-technologist-at-planet-healthcare-3785224873,2024-01-20 05:51:50.974976+00,t,t,f,Travel Allied Health Professional - Ultrasound Technologist,Planet Healthcare,"Lancaster, NH",2024-01-17,New Hampshire,United States,Ultrasound Technologist,Mid senior,Onsite
https://www.linkedin.com/jobs/view/inventory-analyst-at-seats-inc-3771481761,2024-01-21 14:12:22.040192+00,t,t,f,INVENTORY ANALYST,Seats Inc.,"Reedsburg, WI",2024-01-14,Wisconsin,United States,Starter,Mid senior,Onsite
https://www.linkedin.com/jobs/view/surgical-technician-providence-hiring-event-1-17-2024-at-providence-health-services-3790111004,2024-01-21 00:19:43.986642+00,t,t,f,Surgical Technician - Providence Hiring Event 1/17/2024,Providence Health & Services,"Burbank, CA",2024-01-14,Santa Clarita,United States,Surgical Technician,Mid senior,Onsite
https://www.linkedin.com/jobs/view/operations-supervisor-at-cvs-health-3745612309,2024-01-19 09:45:09.215838+00,t,t,f,Operations Supervisor,CVS Health,"San Diego, CA",2024-01-13,San Diego,United States,Driver Supervisor,Mid senior,Onsite
https://www.linkedin.com/jobs/view/travel-ct-technologist-%243-162-per-week-at-coast-medical-service-3804613739,2024-01-19 09:45:09.215838+00,t,t,f,"Travel CT Technologist - $3,162 per week",Coast Medical Service,"Elgin, IL",2024-01-13,Rutland,United States,Medical Technologist,Mid senior,Onsite
https://www.linkedin.com/jobs/view/project-lead-business-system-analyst-core-systems-at-global-information-technology-3726249330,2024-01-20 16:37:17.476037+00,t,t,f,Project Lead Business System Analyst (Core Systems),Global Information Technology,"Southfield, MI",2024-01-14,Wyandotte,United States,Job Analyst,Mid senior,Onsite
https://www.linkedin.com/jobs/view/engineer-senior-nsc-pmo-at-vectorcsp-3748478762,2024-01-19 09:45:09.215838+00,t,f,t,"Engineer, Senior (NSC PMO)",VectorCSP,"Washington, DC",2024-01-16,Dunkirk,United States,Maintainability Engineer,Mid senior,Onsite
https://uk.linkedin.com/jobs/view/corporate-tax-senior-at-meraki-talent-ltd-3797052906,2024-01-19 09:45:09.215838+00,t,t,f,Corporate Tax Senior,Meraki Talent Ltd,"Haddington, England, United Kingdom",2024-01-12,Mansfield,United Kingdom,Accountant Cost,Mid senior,Onsite
https://uk.linkedin.com/jobs/view/hse-advisor-at-anotech-3802977469,2024-01-21 03:23:15.958293+00,t,t,f,HSE Advisor,ANOTECH,"England, United Kingdom",2024-01-16,Slough,United Kingdom,Safety Inspector,Mid senior,Onsite
https://www.linkedin.com/jobs/view/private-duty-home-care-rn-lpn-at-jobs-for-humanity-3805353920,2024-01-20 13:43:19.05492+00,t,t,f,Private Duty Home Care RN LPN,Jobs for Humanity,"Siler City, NC",2024-01-16,Asheboro,United States,Nurse Private Duty,Mid senior,Onsite
https://www.linkedin.com/jobs/view/occupancy-coordinator-i-elena-gardens-1328-at-eah-housing-3767355470,2024-01-19 09:45:09.215838+00,t,t,f,Occupancy Coordinator I (Elena Gardens - 1328),EAH Housing,"San Jose, CA",2024-01-13,Santa Clara,United States,Model,Mid senior,Onsite
https://www.linkedin.com/jobs/view/hvac-mechanical-engineer-at-cybercoders-3733888312,2024-01-19 09:45:09.215838+00,t,t,f,HVAC - Mechanical Engineer,CyberCoders,"St Louis, MO",2024-01-12,Ferguson,United States,Central-Office Equipment Engineer,Mid senior,Onsite
https://www.linkedin.com/jobs/view/assistant-housekeeping-manager-at-benchmark-pyramid-luxury-lifestyle-3608505356,2024-01-19 09:45:09.215838+00,t,t,f,Assistant Housekeeping Manager,"Benchmark, Pyramid Luxury & Lifestyle","Boothbay Harbor, ME",2024-01-13,Brunswick,United States,Controller,Mid senior,Onsite
https://uk.linkedin.com/jobs/view/audit-accounts-senior-at-public-practice-recruitment-ltd-experts-in-public-practice-accountancy-recruitment-uk-wide-3794250061,2024-01-21 06:53:00.624619+00,t,t,f,Audit & Accounts Senior,Public Practice Recruitment Ltd - Experts in Public Practice Accountancy Recruitment UK-Wide,"Leicester, England, United Kingdom",2024-01-15,Derby,United Kingdom,Accountant Tax,Mid senior,Onsite
https://www.linkedin.com/jobs/view/architect-at-selectek-inc-3744055348,2024-01-19 09:45:09.215838+00,t,t,f,Architect,"Selectek, Inc.","Roswell, GA",2024-01-13,Atlanta,United States,Interior Designer,Mid senior,Onsite
https://www.linkedin.com/jobs/view/automotive-mechanical-technician-at-autohaus-social-3787092205,2024-01-19 09:45:09.215838+00,t,t,f,Automotive Mechanical Technician,Autohaus Social,"Atlanta, GA",2024-01-12,Atlanta,United States,Assembler,Mid senior,Onsite
https://www.linkedin.com/jobs/view/lead-product-manager-uber-direct-b2b-partner-experience-at-uber-3777461092,2024-01-19 09:45:09.215838+00,f,f,f,"Lead Product Manager, Uber Direct B2B Partner Experience",Uber,"Seattle, WA",2024-01-16,Summit,United States,Part Maker,Mid senior,Onsite
https://uk.linkedin.com/jobs/view/ebme-manager-in-orpington-uk-at-energy-jobline-3800055806,2024-01-19 09:45:09.215838+00,t,t,f,"EBME Manager in Orpington, UK",Energy Jobline,"Orpington, England, United Kingdom",2024-01-13,Medway Towns,United Kingdom,Manager Display,Mid senior,Onsite
https://www.linkedin.com/jobs/view/travel-vascular-interventional-technologist-at-amn-healthcare-allied-3759580629,2024-01-19 09:45:09.215838+00,t,t,f,Travel Vascular Interventional Technologist,AMN Healthcare Allied,"Ann Arbor, MI",2024-01-13,Pittsfield,United States,Clinical Therapist,Mid senior,Onsite
https://www.linkedin.com/jobs/view/full-time-merchandising-service-associate-day-at-lowe-s-companies-inc-3805523750,2024-01-19 09:45:09.215838+00,t,t,f,Full Time - Merchandising Service Associate - Day,"Lowe's Companies, Inc.","Raleigh, NC",2024-01-13,North Carolina,United States,Manager Stage,Associate,Onsite
https://www.linkedin.com/jobs/view/senior-network-engineer-at-accenture-federal-services-3776454432,2024-01-20 16:26:53.145873+00,t,t,f,Senior Network Engineer,Accenture Federal Services,"Norfolk, VA",2024-01-16,Suffolk,United States,Power-Transmission Engineer,Mid senior,Onsite
https://www.linkedin.com/jobs/view/speech-language-pathologist-slp-school-based-at-invo-healthcare-3771449331,2024-01-20 05:23:01.229767+00,t,t,f,"Speech-Language Pathologist (SLP), School-Based",Invo Healthcare,"Pensacola, FL",2024-01-14,Pensacola,United States,Pathologist,Mid senior,Onsite
https://www.linkedin.com/jobs/view/staff-nurse-i-nro-float-team-med-surg-step-down-track-nights-0-9fte-at-ui-health-3669626604,2024-01-19 14:14:40.252739+00,t,t,f,"Staff Nurse I - NRO Float Team, Med-surg Step-down Track, Nights 0.9FTE",UI Health,"Chicago, IL",2024-01-14,Chicago,United States,Nurse Office,Associate,Onsite
https://www.linkedin.com/jobs/view/outpatient-registered-nurse-rn-at-fresenius-medical-care-north-america-at-health-ecareers-3791493489,2024-01-19 15:44:04.567955+00,t,t,f,Outpatient Registered Nurse - RN at Fresenius Medical Care North America,Health eCareers,"Florissant, MO",2024-01-14,Saint Paul,United States,Supervisor Chemical,Mid senior,Onsite
https://www.linkedin.com/jobs/view/sr-acct-manager-business-sls-at-verizon-3799845638,2024-01-19 09:45:09.215838+00,t,t,f,Sr Acct Manager-Business Sls,Verizon,"Greensboro, NC",2024-01-12,Greensboro,United States,Change Person,Associate,Onsite
https://www.linkedin.com/jobs/view/audit-seniors-experienced-staff-at-oculus-search-partners-llc-3802693814,2024-01-19 16:19:40.239154+00,t,t,f,Audit Seniors & Experienced Staff,Oculus Search Partners LLC,"San Jose, CA",2024-01-14,Redwood City,United States,Auditor,Mid senior,Onsite
https://www.linkedin.com/jobs/view/substitutes-teachers-d-c-at-teachers-on-demand-inc-3803500738,2024-01-19 09:45:09.215838+00,t,t,f,Substitutes Teachers (D.C.),"Teachers On Demand, INC","Alexandria, VA",2024-01-12,Alexandria,United States,Art Therapist,Associate,Onsite
https://www.linkedin.com/jobs/view/rn-registered-nurse-icu-days-at-baycare-health-system-3680194066,2024-01-19 09:45:09.215838+00,t,t,f,RN - Registered Nurse - ICU - Days,BayCare Health System,"Safety Harbor, FL",2024-01-12,Seminole,United States,Anesthesiologist,Associate,Onsite
https://www.linkedin.com/jobs/view/registered-nurse-rn-med-surg-orthopedic-tele-unit-24-hour-nights-7p-7a-%246k-sign-on-bonus%21-at-emerson-hospital-at-health-ecareers-3805981729,2024-01-20 09:37:57.36963+00,t,t,f,"Registered Nurse (RN) - Med/Surg Orthopedic Tele Unit; 24 hour nights 7p-7a, $6K Sign-On Bonus! at Emerson Hospital",Health eCareers,"Concord, MA",2024-01-14,Fitchburg,United States,Nurse School,Mid senior,Onsite
https://www.linkedin.com/jobs/view/registered-nurse-weekend-neurology-oncology-7w-mclaren-careers-at-mclaren-health-care-at-health-ecareers-3805960612,2024-01-21 01:34:10.65126+00,t,t,f,Registered Nurse Weekend - Neurology Oncology (7W) - McLaren Careers at McLaren Health Care,Health eCareers,"Lansing, MI",2024-01-14,East Lansing,United States,Transplant Coordinator,Mid senior,Onsite
https://www.linkedin.com/jobs/view/travel-rn-med-surg-at-skyline-med-staff-llc-3793466352,2024-01-19 21:04:05.256585+00,t,t,f,Travel RN - Med Surg,"Skyline Med Staff, LLC","Tuscaloosa, AL",2024-01-14,Tuscaloosa,United States,Recruiter,Mid senior,Onsite
https://www.linkedin.com/jobs/view/hourly-supervisor-training-at-walmart-3780668923,2024-01-20 00:29:12.009051+00,t,t,f,Hourly Supervisor & Training,Walmart,"Catskill, NY",2024-01-14,Cairo,United States,Driver Supervisor,Mid senior,Onsite
https://www.linkedin.com/jobs/view/registered-nurse-%23cp-rns-md-laur-24164254expplat-at-travelnursesource-3799561135,2024-01-20 23:43:50.488234+00,t,t,f,Registered Nurse #CP-RNS-MD-Laur - 24164254EXPPLAT,TravelNurseSource,"Laurel, MD",2024-01-14,Bowie,United States,Nurse Infection Control,Mid senior,Onsite
https://www.linkedin.com/jobs/view/health-system-specialist-at-indian-health-service-3784521119,2024-01-19 09:45:09.215838+00,t,t,f,Health System Specialist,Indian Health Service,"Fort Worth, TX",2024-01-13,Fort Worth,United States,Director Social,Associate,Onsite
https://www.linkedin.com/jobs/view/managing-principal-healthcare-hcai-oshpd-hospitals-leed-aia-at-cybercoders-3666529842,2024-01-19 09:45:09.215838+00,t,t,f,"Managing Principal: Healthcare, HCAi/OSHPD, Hospitals -LEED, AIA",CyberCoders,"Ontario, CA",2024-01-13,La Habra,United States,Principal,Mid senior,Onsite
https://www.linkedin.com/jobs/view/account-executive-client-relationship-management-acquisition-at-t-mobile-3794284513,2024-01-19 09:45:09.215838+00,t,t,f,"Account Executive, Client Relationship Management & Acquisition",T-Mobile,"Livonia, MI",2024-01-12,Pittsfield,United States,Account Executive,Mid senior,Onsite
https://www.linkedin.com/jobs/view/welding-engineer-at-gonzalez-3798805520,2024-01-21 03:14:54.246209+00,t,t,f,Welding Engineer,Gonzalez,"Pontiac, MI",2024-01-14,Oak Park,United States,Welding Engineer,Mid senior,Onsite
https://www.linkedin.com/jobs/view/guest-services-manager-at-raymond-management-company-3801188461,2024-01-19 20:36:24.293003+00,t,t,f,Guest Services Manager,Raymond Management Company,"Rogers, AR",2024-01-14,Arkansas,United States,Retirement Officer,Mid senior,Onsite
https://www.linkedin.com/jobs/view/travel-allied-health-professional-ct-technologist-at-premier-medical-staffing-services-llc-3786876581,2024-01-20 02:41:21.176505+00,t,t,f,Travel Allied Health Professional - CT Technologist,"Premier Medical Staffing Services, LLC","Boscobel, WI",2024-01-14,Clifton,United States,Medical Technologist,Mid senior,Onsite
https://www.linkedin.com/jobs/view/paralegal-specialist-office-on-site-%23240104-6142ar-001-at-state-of-connecticut-3799125293,2024-01-19 09:45:09.215838+00,t,t,f,Paralegal Specialist Office/On-site #240104-6142AR-001,State of Connecticut,"New Haven, CT",2024-01-13,Bridgeport,United States,Contract Specialist,Associate,Onsite
https://www.linkedin.com/jobs/view/registered-nurse-rn-at-biolife-plasma-services-3795117456,2024-01-19 09:45:09.215838+00,t,t,f,"Registered Nurse, RN",BioLife Plasma Services,"Riverton, UT",2024-01-13,Tooele,United States,Educational Specialist,Mid senior,Onsite
https://www.linkedin.com/jobs/view/qa-qc-inspector-at-wanzek-construction-inc-3797322316,2024-01-19 15:48:01.780919+00,t,t,f,QA/QC Inspector,"Wanzek Construction, Inc.","Winslow, AZ",2024-01-15,Arizona,United States,Assembly Inspector,Mid senior,Onsite
https://www.linkedin.com/jobs/view/staff-nurse-at-unc-health-3768356135,2024-01-20 15:48:55.441301+00,t,t,f,Staff Nurse,UNC Health,"Kinston, NC",2024-01-14,Kinston,United States,Nurse School,Mid senior,Onsite
https://uk.linkedin.com/jobs/view/accommodation-manager-at-park-leisure-3806001068,2024-01-19 19:56:10.738811+00,t,t,f,Accommodation Manager,Park Leisure,"Stanford Bishop, England, United Kingdom",2024-01-14,Gloucester,United Kingdom,Supervisor Cleaning,Mid senior,Onsite
https://www.linkedin.com/jobs/view/host-dayton-austin-landing-at-chuy-s-restaurants-3690437381,2024-01-19 09:45:09.215838+00,t,t,f,Host Dayton (Austin Landing),Chuy's Restaurants,"Miamisburg, OH",2024-01-13,Ohio,United States,Host/Hostess,Mid senior,Onsite
https://ca.linkedin.com/jobs/view/volunteer-tutoring-program-coordinator-at-stem-montessori-academy-of-canada-3803990617,2024-01-19 09:45:09.215838+00,t,t,f,Volunteer Tutoring Program Coordinator,STEM Montessori Academy of Canada,"Toronto, Ontario, Canada",2024-01-13,Sarnia-Clearwater,Canada,Grant Coordinator,Associate,Onsite
https://www.linkedin.com/jobs/view/registered-nurse-full-time-at-lake-charles-memorial-health-system-3723249007,2024-01-19 17:25:22.660729+00,t,t,f,Registered Nurse (Full Time),Lake Charles Memorial Health System,"Lake Charles, LA",2024-01-14,Lake Charles,United States,Nurse-Midwife,Mid senior,Onsite
https://www.linkedin.com/jobs/view/rn-outpatient-wpma-cercone-internal-medicine-full-time-at-highmark-health-at-health-ecareers-3806079168,2024-01-19 13:04:16.807537+00,t,t,f,RN Outpatient- WPMA Cercone - Internal Medicine - Full Time at Highmark Health,Health eCareers,"Pittsburgh, PA",2024-01-16,New Kensington,United States,Internist,Mid senior,Onsite
https://www.linkedin.com/jobs/view/integrative-medicine-bc-be-at-health-ecareers-3802164258,2024-01-19 09:45:09.215838+00,t,t,f,Integrative Medicine BC/BE,Health eCareers,"San Francisco, CA",2024-01-13,Novato,United States,Pathologist,Mid senior,Onsite
https://www.linkedin.com/jobs/view/system-admin-i-at-hornblower-group-3753084485,2024-01-21 02:34:52.378377+00,t,t,f,System Admin I,Hornblower Group,"New York, NY",2024-01-14,Little Falls,United States,Tier,Mid senior,Onsite
https://ca.linkedin.com/jobs/view/legal-officer-at-canadian-armed-forces-forces-arm%C3%A9es-canadiennes-3668416300,2024-01-19 09:45:09.215838+00,t,t,f,Legal Officer,Canadian Armed Forces | Forces armées canadiennes,"Oakville, Ontario, Canada",2024-01-13,Sarnia-Clearwater,Canada,Judge,Mid senior,Onsite
https://au.linkedin.com/jobs/view/rep-i-customer-service-at-world-courier-3801227686,2024-01-19 09:45:09.215838+00,t,t,f,Rep I - Customer Service,World Courier,"Melbourne, Victoria, Australia",2024-01-12,Victoria,Australia,Claim Examiner,Mid senior,Onsite
https://uk.linkedin.com/jobs/view/accounts-payable-manager-at-jss-search-3783571055,2024-01-19 23:02:33.844926+00,t,t,f,Accounts Payable Manager,JSS Search,"Hertfordshire, England, United Kingdom",2024-01-16,Chelmsford,United Kingdom,Supervisor V,Mid senior,Onsite
https://www.linkedin.com/jobs/view/pt-package-center-supervisor-at-ups-3791112741,2024-01-19 23:19:20.41515+00,t,t,f,PT Package Center Supervisor,UPS,"Wilmington, MA",2024-01-14,Amesbury,United States,Superintendent Local,Mid senior,Onsite
https://www.linkedin.com/jobs/view/travel-labor-and-delivery-rn-job-in-silver-city-nm-make-%241-968-to-%242-157-week-at-aya-healthcare-3805554961,2024-01-20 05:16:04.123092+00,t,t,f,"Travel Labor and Delivery RN job in Silver City, NM - Make $1,968 to $2,157/week",Aya Healthcare,"Silver City, NM",2024-01-14,Silver City,United States,Recruiter,Mid senior,Onsite
https://www.linkedin.com/jobs/view/dentist-rhrp-at-dentrust-optimized-care-solutions-3800602561,2024-01-21 02:31:13.542207+00,t,t,f,Dentist - RHRP,Dentrust Optimized Care Solutions,"Johnstown, PA",2024-01-14,Central City,United States,Dental Assistant,Mid senior,Onsite
https://www.linkedin.com/jobs/view/senior-manager-design-at-smithrx-3765717306,2024-01-19 09:45:09.215838+00,f,f,f,"Senior Manager, Design",SmithRx,"San Francisco, CA",2024-01-16,Berkeley,United States,Supervisor Landscape,Mid senior,Onsite
https://www.linkedin.com/jobs/view/administrative-assistant-at-net2source-inc-3803811565,2024-01-19 09:45:09.215838+00,t,t,f,Administrative Assistant,Net2Source Inc.,"Oshkosh, WI",2024-01-12,Appleton,United States,Abstractor,Associate,Onsite
https://www.linkedin.com/jobs/view/job-coach-at-the-arc-montgomery-county-3796727907,2024-01-19 09:45:09.215838+00,t,t,f,Job Coach,The Arc Montgomery County,"Derwood, MD",2024-01-13,Clarksburg,United States,Page,Mid senior,Onsite
https://www.linkedin.com/jobs/view/chief-bailiff-municipal-court-judiciary-at-city-of-dallas-3802726734,2024-01-20 07:03:18.910566+00,t,t,f,Chief Bailiff - Municipal Court (Judiciary),City of Dallas,"Dallas, TX",2024-01-14,Dallas,United States,Judge,Mid senior,Onsite
https://www.linkedin.com/jobs/view/senior-manager-quality-at-the-job-network-3807591770,2024-01-19 09:45:09.215838+00,f,f,f,"Senior Manager, Quality",The Job Network,"Santa Fe Springs, CA",2024-01-16,West Covina,United States,Supervisor Dock,Mid senior,Onsite
https://www.linkedin.com/jobs/view/springfield-cpa-bec-tutor-at-varsity-tutors-a-nerdy-company-3796547672,2024-01-20 05:49:54.288111+00,t,t,f,Springfield CPA BEC Tutor,"Varsity Tutors, a Nerdy Company","Springfield, MO",2024-01-14,Spokane,United States,Tutor,Mid senior,Onsite
https://www.linkedin.com/jobs/view/electric-vehicle-engineering-technician-at-zero-labs-automotive-3590344087,2024-01-19 09:45:09.215838+00,t,t,f,Electric Vehicle Engineering Technician,Zero Labs Automotive,"Gardena, CA",2024-01-12,Pasadena,United States,Automobile Detailer,Mid senior,Onsite
https://www.linkedin.com/jobs/view/cashier-at-popeyes-3787317128,2024-01-19 09:45:09.215838+00,t,t,f,Cashier,popeyes,"Parkville, MD",2024-01-12,Baltimore,United States,Car Hop,Associate,Onsite
https://www.linkedin.com/jobs/view/customer-service-representative-state-farm-agent-team-member-at-state-farm-agent-3628857728,2024-01-19 09:45:09.215838+00,t,t,f,Customer Service Representative - State Farm Agent Team Member,State Farm Agent,"Salt Lake City, UT",2024-01-13,Layton,United States,Credit Counselor,Mid senior,Onsite
https://www.linkedin.com/jobs/view/supervisor-manager-part-time-at-claire-s-3801129028,2024-01-20 11:17:05.585547+00,t,t,f,Supervisor/Manager-Part Time,Claire's,"Deptford, NJ",2024-01-14,New Jersey,United States,Superintendent Sales,Mid senior,Onsite
https://uk.linkedin.com/jobs/view/social-worker-cognition-physical-disabilities-team-at-sanctuary-personnel-3803202443,2024-01-19 09:45:09.215838+00,t,t,f,Social Worker - Cognition & Physical Disabilities Team,Sanctuary Personnel,"Leicester, England, United Kingdom",2024-01-12,Derby,United Kingdom,Building Consultant,Associate,Onsite
https://www.linkedin.com/jobs/view/summer-intern-comptroller-financial-accounting-reporting-at-the-port-authority-of-new-york-new-jersey-3784941970,2024-01-20 09:13:58.845232+00,t,t,f,"Summer Intern - Comptroller, Financial Accounting & Reporting",The Port Authority of New York & New Jersey,"Jersey City, NJ",2024-01-14,Little Falls,United States,Accountant,Associate,Onsite
https://www.linkedin.com/jobs/view/rn-emergency-room-asheville-nc-at-wecare-staffing-solutions-inc-3799549064,2024-01-20 08:13:32.100792+00,t,t,f,RN Emergency Room - Asheville NC*,WeCare Staffing Solutions Inc,"Asheville, NC",2024-01-16,North Carolina,United States,Nurse Supervisor Evening-Or-Night,Mid senior,Onsite
https://www.linkedin.com/jobs/view/smart-buildings-account-executive-hvac-at-johnson-controls-3798011342,2024-01-19 09:45:09.215838+00,t,t,f,"Smart Buildings Account Executive, HVAC",Johnson Controls,"Richmond, VA",2024-01-12,Montpelier,United States,Account Executive,Mid senior,Onsite
https://www.linkedin.com/jobs/view/nurse-rn-pcu-rock-island-illinois-at-solomon-page-3801858468,2024-01-20 10:03:55.205718+00,t,t,f,"Nurse - RN - PCU | Rock Island, Illinois",Solomon Page,"Rock Island, IL",2024-01-14,East Moline,United States,Page,Mid senior,Onsite
https://www.linkedin.com/jobs/view/customer-service-representative-at-black-box-3768731164,2024-01-19 09:45:09.215838+00,t,t,f,Customer Service Representative,Black Box,"New York, NY",2024-01-13,Bayonne,United States,Customer Service Representative,Mid senior,Onsite
https://www.linkedin.com/jobs/view/employee-benefits-producer-select-at-usi-insurance-services-3797077060,2024-01-20 11:55:55.175758+00,t,t,f,Employee Benefits Producer - Select,USI Insurance Services,"St Louis, MO",2024-01-14,Ferguson,United States,Buyer,Mid senior,Onsite
https://ca.linkedin.com/jobs/view/equipment-and-supply-technician-casual-auxilary-at-bc-women-s-hospital-and-health-centre-3712339615,2024-01-19 19:42:22.848576+00,t,t,f,Equipment and Supply Technician (Casual/Auxilary),BC Women's Hospital and Health Centre,"Victoria, British Columbia, Canada",2024-01-14,Sarnia-Clearwater,Canada,Stock Fitter,Mid senior,Onsite
https://www.linkedin.com/jobs/view/case-manager-registered-nurse-at-excellus-bcbs-3803421712,2024-01-19 09:45:09.215838+00,t,t,f,Case Manager (Registered Nurse),Excellus BCBS,"DeWitt, NY",2024-01-13,Syracuse,United States,Pharmacist,Mid senior,Onsite
https://www.linkedin.com/jobs/view/travel-nurse-rn-med-surg-%241-930-per-week-at-lifeline-medical-staffing-3805133519,2024-01-19 13:38:26.186894+00,t,t,f,"Travel Nurse RN - Med Surg - $1,930 per week",Lifeline Medical Staffing,"Fredericksburg, VA",2024-01-14,Livingston,United States,Nurse Supervisor,Mid senior,Onsite
https://www.linkedin.com/jobs/view/physician-ob-gyn-general-at-chi-3497750440,2024-01-19 09:45:09.215838+00,t,t,f,Physician OB GYN General,CHI,"Pendleton, OR",2024-01-13,Oregon,United States,General Practitioner,Mid senior,Onsite
https://www.linkedin.com/jobs/view/senior-control-coordinator-at-pepsico-3762360749,2024-01-20 03:56:57.552526+00,t,t,f,Senior Control Coordinator,PepsiCo,"Purchase, NY",2024-01-17,Oyster Bay,United States,Technical Coordinator,Mid senior,Onsite
https://www.linkedin.com/jobs/view/a-p-mechanic-mobile-service-technician-long-beach-ca-at-textron-aviation-3804258532,2024-01-19 09:45:09.215838+00,t,t,f,"A&P Mechanic Mobile Service Technician - Long Beach, CA",Textron Aviation,"Long Beach, CA",2024-01-12,La Habra,United States,Airframe-And-Power-Plant Mechanic,Mid senior,Onsite
https://www.linkedin.com/jobs/view/kitchen-prep-at-bob-evans-restaurants-llc-3803180642,2024-01-19 09:45:09.215838+00,t,t,f,Kitchen Prep,"Bob Evans Restaurants, LLC","Rock Hill, SC",2024-01-12,South Carolina,United States,Chef,Associate,Onsite
https://www.linkedin.com/jobs/view/clinical-psychologist-league-city-tx-at-the-job-network-3802066311,2024-01-20 03:46:03.274442+00,t,t,f,Clinical Psychologist - League City TX,The Job Network,"League City, TX",2024-01-15,Dickinson,United States,Clinical Psychologist,Mid senior,Onsite
https://www.linkedin.com/jobs/view/gulfstream-lead-aircraft-maintenance-technician-2nd-shift-at-west-star-aviation-llc-3800191624,2024-01-20 10:12:01.174972+00,t,t,f,Gulfstream Lead Aircraft Maintenance Technician- 2nd shift,"West Star Aviation, LLC","Perryville, MO",2024-01-14,Missouri,United States,Airframe-And-Power-Plant Mechanic,Mid senior,Onsite
https://www.linkedin.com/jobs/view/homeless-division-operations-manager-at-eliot-community-human-services-3795802355,2024-01-21 13:06:53.326058+00,t,t,f,Homeless Division Operations Manager,Eliot Community Human Services,"Everett, MA",2024-01-15,Boston,United States,Director Field Services,Mid senior,Onsite
https://www.linkedin.com/jobs/view/registered-nurse-jefferson-county-at-arc-jefferson-st-lawrence-at-health-ecareers-3795568248,2024-01-19 17:38:22.16723+00,t,t,f,Registered Nurse - Jefferson County at Arc Jefferson - St. Lawrence,Health eCareers,"Watertown, NY",2024-01-14,Clayton,United States,Change Person,Mid senior,Onsite
https://mx.linkedin.com/jobs/view/coordinaci%C3%B3n-cuenta-clave-walmart-at-nestl%C3%A9-3800443533,2024-01-21 01:11:01.646202+00,t,t,f,Coordinación Cuenta Clave Walmart,Nestlé,"Miguel Hidalgo, Mexico City, Mexico",2024-01-15,Hollywood,United States,Contestant Coordinator,Associate,Onsite
https://uk.linkedin.com/jobs/view/mortgage-advisor-at-lsl-property-services-plc-3803319009,2024-01-20 17:02:40.849372+00,t,t,f,Mortgage Advisor,LSL Property Services plc,"Watford, England, United Kingdom",2024-01-16,High Wycombe,United Kingdom,Registered Representative,Mid senior,Onsite
https://www.linkedin.com/jobs/view/telepharmacy-tech-team-leader-at-cvs-health-3757033270,2024-01-19 09:45:09.215838+00,t,t,f,Telepharmacy Tech Team Leader,CVS Health,"Glenview, IL",2024-01-12,North Chicago,United States,Career-Guidance Technician,Mid senior,Onsite
https://www.linkedin.com/jobs/view/hybrid-tax-manager-partnerships-s-corps-individual-at-cybercoders-3763110195,2024-01-19 17:05:59.228731+00,t,t,f,Hybrid Tax Manager - Partnerships/S-Corps/Individual,CyberCoders,"Fort Worth, TX",2024-01-16,Fort Worth,United States,Manager Promotion,Mid senior,Onsite
https://www.linkedin.com/jobs/view/arnp-at-fast-pace-health-3801651856,2024-01-19 12:54:13.327553+00,t,t,f,ARNP,Fast Pace Health,"Rock Island, TN",2024-01-14,Tennessee,United States,Nurse Staff Community Health,Mid senior,Onsite
https://uk.linkedin.com/jobs/view/junior-embedded-software-engineer-at-platform-recruitment-3804037496,2024-01-19 09:45:09.215838+00,t,t,f,Junior Embedded Software Engineer,Platform Recruitment,"Northamptonshire, England, United Kingdom",2024-01-13,Northampton,United Kingdom,Computer Programmer,Mid senior,Onsite
https://www.linkedin.com/jobs/view/remarketing-coordinator-at-alta-equipment-company-3799871982,2024-01-21 07:51:26.146081+00,t,t,f,Remarketing Coordinator,Alta Equipment Company,"Livonia, MI",2024-01-15,Michigan,United States,Color Maker,Mid senior,Onsite
https://www.linkedin.com/jobs/view/building-automation-associate-project-manager-chicago-il-rolling-meadows-at-siemens-3792974200,2024-01-19 17:12:52.403787+00,t,t,f,"Building Automation Associate Project Manager - Chicago, IL (Rolling Meadows)",Siemens,"Chicago, IL",2024-01-15,Calumet City,United States,Air Analyst,Associate,Onsite
https://www.linkedin.com/jobs/view/child-and-adolescent-psychiatrist-outpatient-forest-grove-or-at-lifestance-health-3801655403,2024-01-19 16:52:51.752472+00,t,t,f,"Child and Adolescent Psychiatrist - Outpatient - Forest Grove, OR",LifeStance Health,"Forest Grove, OR",2024-01-14,McMinnville,United States,Model,Mid senior,Onsite
https://www.linkedin.com/jobs/view/jr-mechanic-at-dyno-nobel-3766159370,2024-01-19 09:45:09.215838+00,t,t,f,Jr. Mechanic,Dyno Nobel,"Tooele, UT",2024-01-12,Tooele,United States,Air-Conditioning Mechanic,Associate,Onsite
https://www.linkedin.com/jobs/view/senior-accountant-at-gilbane-building-company-3738505374,2024-01-20 04:34:20.454664+00,t,t,f,Senior Accountant,Gilbane Building Company,"Chicago, IL",2024-01-15,La Grange,United States,Accountant Property,Mid senior,Onsite
https://uk.linkedin.com/jobs/view/quality-technical-manager-%E2%80%93-derby-at-bodycote-3791293360,2024-01-19 09:45:09.215838+00,t,t,f,Quality & Technical Manager – Derby,Bodycote,"Derby, England, United Kingdom",2024-01-13,Mansfield,United Kingdom,Preparation Supervisor,Mid senior,Onsite
https://www.linkedin.com/jobs/view/medical-assistant-gastroenterology-clinic-beverly-hills-at-jobs-for-humanity-3786354313,2024-01-19 09:45:09.215838+00,t,t,f,"Medical Assistant - Gastroenterology Clinic, Beverly Hills",Jobs for Humanity,"Beverly Hills, CA",2024-01-12,Santa Clarita,United States,Cardiac Monitor Technician,Mid senior,Onsite
https://www.linkedin.com/jobs/view/salesforce-cpq-clm-architect-at-hermitage-infotech-3324131400,2024-01-19 09:45:09.215838+00,t,t,f,Salesforce CPQ/CLM Architect,Hermitage Infotech,"New Jersey, United States",2024-01-13,Lakehurst,United States,Interior Designer,Mid senior,Onsite
https://www.linkedin.com/jobs/view/corporate-paralegal-at-alloy-therapeutics-inc-3789380468,2024-01-19 09:45:09.215838+00,t,t,f,Corporate Paralegal,"Alloy Therapeutics, Inc.","Waltham, MA",2024-01-13,Beverly,United States,Contract Specialist,Mid senior,Onsite
https://www.linkedin.com/jobs/view/rn-ambulatory-neuro-headache-multispecialty-at-cleveland-clinic-at-health-ecareers-3805965391,2024-01-21 08:46:58.780177+00,t,t,f,RN Ambulatory - Neuro-Headache/Multispecialty at Cleveland Clinic,Health eCareers,"South Russell, OH",2024-01-14,Cuyahoga Falls,United States,Nurse Assistant,Mid senior,Onsite
https://www.linkedin.com/jobs/view/maintenance-technician-robotic-welding-at-kelly-services-3790208570,2024-01-19 09:45:09.215838+00,t,t,f,Maintenance Technician - Robotic Welding,Kelly Services,Detroit Metropolitan Area,2024-01-12,Oak Park,United States,Air-Conditioning Mechanic,Associate,Onsite
https://www.linkedin.com/jobs/view/supply-chain-manager-at-smoothie-king-skfi-3791112886,2024-01-19 22:57:55.695106+00,t,t,f,Supply Chain Manager,Smoothie King (SKFI),"Coppell, TX",2024-01-14,Denton,United States,Vendor,Mid senior,Onsite
https://www.linkedin.com/jobs/view/environmental-finance-underwriter-project-manager-at-u-s-bank-3786812562,2024-01-20 12:42:09.165335+00,t,t,f,Environmental Finance - Underwriter (Project Manager),U.S. Bank,"Chicago, IL",2024-01-14,River Forest,United States,Manager Stage,Mid senior,Onsite
https://www.linkedin.com/jobs/view/account-executive-telephone-recruiter-at-the-mom-project-3798013121,2024-01-21 15:16:15.20021+00,t,t,f,Account Executive/Telephone Recruiter,The Mom Project,"Paramus, NJ",2024-01-14,Oak Ridge,United States,Recruiter,Mid senior,Onsite
https://www.linkedin.com/jobs/view/construction-project-manager-ii-at-south-carolina-department-of-juvenile-justice-3798934756,2024-01-20 10:53:37.483563+00,t,t,f,Construction Project Manager II,South Carolina Department of Juvenile Justice,"Columbia, SC",2024-01-14,Columbia,United States,Building Consultant,Mid senior,Onsite
https://www.linkedin.com/jobs/view/quality-inspector-at-thk-manufacturing-of-america-3768677436,2024-01-21 05:32:08.134788+00,t,t,f,Quality Inspector,THK Manufacturing of America,"Hebron, OH",2024-01-14,Truro,United States,Inspector,Mid senior,Onsite
https://www.linkedin.com/jobs/view/staff-pharmacist-operations-at-absolute-health-care-3793204399,2024-01-19 09:45:09.215838+00,t,t,f,Staff Pharmacist Operations,Absolute Health Care,"North Canton, OH",2024-01-12,Akron,United States,Cargo Checker,Mid senior,Onsite
https://www.linkedin.com/jobs/view/full-time-food-service-associate-%2416hr-paid-training-at-jobs-for-humanity-3798384515,2024-01-20 09:20:34.024742+00,t,t,f,Full Time Food Service Associate - $16hr - Paid Training,Jobs for Humanity,"Yardley, PA",2024-01-14,Bordentown,United States,Change Person,Mid senior,Onsite
https://www.linkedin.com/jobs/view/assistant-manager-sally-beauty-10833-at-sally-beauty-3805755051,2024-01-21 05:45:55.843199+00,t,t,f,Assistant Manager Sally Beauty 10833,Sally Beauty,"Peoria, AZ",2024-01-14,Peoria,United States,Contact Clerk,Mid senior,Onsite
https://www.linkedin.com/jobs/view/worship-connections-coordinator-sc-ft-at-james-river-church-3684899025,2024-01-19 09:45:09.215838+00,t,t,f,Worship Connections Coordinator - SC(FT),James River Church,"Ozark, MO",2024-01-13,Spokane,United States,Director Social,Mid senior,Onsite
https://www.linkedin.com/jobs/view/physician-family-medicine-at-health-ecareers-3789863529,2024-01-19 18:50:09.553768+00,t,t,f,Physician - Family Medicine,Health eCareers,"Tyler, TX",2024-01-14,Chapel Hill,United States,Family Practitioner,Mid senior,Onsite
https://au.linkedin.com/jobs/washer-jobs,2024-01-19 09:45:09.215838+00,f,f,f,Car Washer - Mercedes-Benz Mosman - NSW,"Mercedes-Benz North Shore, Sydney Australia","Mosman, New South Wales, Australia",2024-01-17,Healesville,Australia,Washer,Associate,Onsite
https://www.linkedin.com/jobs/view/locum-physician-internal-medicine-at-weatherby-healthcare-3804093471,2024-01-19 09:45:09.215838+00,t,t,f,Locum | Physician Internal Medicine,Weatherby Healthcare,"Bradenton, FL",2024-01-13,Sarasota,United States,Family Practitioner,Mid senior,Onsite
https://www.linkedin.com/jobs/view/substitute-nurse-positions-at-daniel-boone-area-school-district-3621474520,2024-01-19 09:45:09.215838+00,t,t,f,Substitute Nurse Positions,Daniel Boone Area School District,"Birdsboro, PA",2024-01-12,Exeter,United States,Christian Science Nurse,Mid senior,Onsite
https://www.linkedin.com/jobs/view/staff-registered-nurse-rn-neuro-icu-%2429%2B-per-hour-at-firsthealth-of-the-carolinas-3804642117,2024-01-19 09:45:09.215838+00,t,t,f,staff - Registered Nurse (RN) - Neuro ICU - $29+ per hour,FirstHealth of the Carolinas,"Pinehurst, NC",2024-01-13,North Carolina,United States,Nurse Anesthetist,Mid senior,Onsite
https://uk.linkedin.com/jobs/view/registered-adult-nurse-discharge-lounge-opflow-at-nhs-lanarkshire-3804424409,2024-01-19 09:45:09.215838+00,t,t,f,Registered Adult Nurse - Discharge Lounge - OpFlow,NHS Lanarkshire,"Wishaw, Scotland, United Kingdom",2024-01-13,Greater Glasgow,United Kingdom,Nurse Practitioner,Mid senior,Onsite
https://www.linkedin.com/jobs/view/general-dentist-at-strivernet-rpo-services-3730175574,2024-01-19 09:45:09.215838+00,t,t,f,General Dentist,Strivernet RPO Services,"Tulsa, OK",2024-01-13,Sun Valley,United States,Dental Assistant,Mid senior,Onsite
https://www.linkedin.com/jobs/view/manufacturing-engineer-iii-at-johnson-controls-3778350139,2024-01-19 12:33:00.402786+00,t,t,f,Manufacturing Engineer III,Johnson Controls,"Lubbock, TX",2024-01-14,Lubbock,United States,Central-Office Equipment Engineer,Mid senior,Onsite
https://www.linkedin.com/jobs/view/mutual-funds-manager-1005851-at-the-judge-group-3727213765,2024-01-19 09:45:09.215838+00,t,t,f,Mutual Funds Manager (1005851),The Judge Group,"Dallas, TX",2024-01-13,Garland,United States,Judge,Mid senior,Onsite
https://uk.linkedin.com/jobs/view/senior-account-executive-junior-account-manager-at-holyrood-pr-3805233855,2024-01-19 09:45:09.215838+00,t,t,f,Senior Account Executive / Junior Account Manager,Holyrood PR,"Edinburgh, Scotland, United Kingdom",2024-01-13,Edinburgh,United Kingdom,Field Representative,Mid senior,Onsite
https://www.linkedin.com/jobs/view/travel-rn-outpatient-clinic-rn-2455-48-week-24207417expplat-at-travelnursesource-3804654354,2024-01-20 10:16:21.009515+00,t,t,f,Travel RN Outpatient Clinic - RN 2455.48/week - 24207417EXPPLAT /,TravelNurseSource,"San Diego, CA",2024-01-14,San Diego,United States,Nurse Supervisor,Mid senior,Onsite
https://www.linkedin.com/jobs/view/physical-therapist-assistant-prn-at-adoration-health-3790903789,2024-01-19 09:45:09.215838+00,t,t,f,Physical Therapist Assistant - PRN,Adoration Health,"Hartsville, TN",2024-01-13,Watertown,United States,Clinical Therapist,Mid senior,Onsite
https://www.linkedin.com/jobs/view/coordinator-special-events-and-projects-at-hirekeyz-inc-3773342710,2024-01-19 17:10:40.749212+00,t,t,f,"Coordinator, Special Events and Projects",HireKeyz Inc,"Bronx, NY",2024-01-15,New York,United States,Container Coordinator,Mid senior,Onsite
https://www.linkedin.com/jobs/view/itinerant-dance-teacher-arts-department-2023-2024-sy-at-san-francisco-unified-school-district-3724761538,2024-01-19 09:45:09.215838+00,t,t,f,"Itinerant Dance Teacher, Arts Department- 2023-2024 SY",San Francisco Unified School District,"San Francisco, CA",2024-01-12,Novato,United States,Assistant Principal,Mid senior,Onsite
https://www.linkedin.com/jobs/view/construction-safety-manager-at-actalent-3805544103,2024-01-19 09:45:09.215838+00,t,t,f,Construction Safety Manager,Actalent,"Pleasants County, WV",2024-01-13,West Virginia,United States,Finishing Inspector,Mid senior,Onsite
https://www.linkedin.com/jobs/view/maintenance-supervisor-at-o-neill-healthcare-3792695658,2024-01-19 09:45:09.215838+00,t,t,f,Maintenance Supervisor,O'Neill Healthcare,"Lakewood, OH",2024-01-13,Cleveland Heights,United States,Electrical Supervisor,Mid senior,Onsite
https://www.linkedin.com/jobs/view/attorney-at-bcg-attorney-search-3675935119,2024-01-19 09:45:09.215838+00,t,t,f,Attorney,BCG Attorney Search,"New Berlin, WI",2024-01-13,Milwaukee,United States,Lawyer,Mid senior,Onsite
https://www.linkedin.com/jobs/view/set-up-technician-at-dearing-compressor-pump-co-3787737587,2024-01-21 14:10:53.939494+00,t,t,f,Set-up Technician,Dearing Compressor & Pump Co,"Youngstown, OH",2024-01-14,Bessemer,United States,Director Technical,Mid senior,Onsite
https://www.linkedin.com/jobs/view/rn-evening-supervisor-mclane-childrens-ed-at-baylor-scott-white-health-at-health-ecareers-3795554142,2024-01-19 16:32:49.188637+00,t,t,f,RN Evening Supervisor McLane Childrens ED at Baylor Scott & White Health,Health eCareers,"Temple, TX",2024-01-14,Killeen,United States,Director Nursing Service,Mid senior,Onsite
https://www.linkedin.com/jobs/view/maintenance-technician-ii-23638-at-daley-and-associates-llc-3789704249,2024-01-20 02:50:21.151079+00,t,t,f,Maintenance Technician II - 23638,"Daley And Associates, LLC.","Clinton, PA",2024-01-14,Weirton,United States,Air-Conditioning Mechanic,Associate,Onsite
https://www.linkedin.com/jobs/view/retail-stocking-team-supervisor-at-burlington-stores-inc-3791366604,2024-01-21 03:03:52.849646+00,t,t,f,Retail Stocking Team Supervisor,"Burlington Stores, Inc.","Morgan Hill, CA",2024-01-16,Santa Clara,United States,Sorting Supervisor,Mid senior,Onsite
https://www.linkedin.com/jobs/view/pediatrician-at-gotham-enterprises-ltd-3791145194,2024-01-19 09:45:09.215838+00,t,t,f,Pediatrician,Gotham Enterprises Ltd,"Little Rock, AR",2024-01-13,Little Rock,United States,Pediatrician,Mid senior,Onsite
https://www.linkedin.com/jobs/view/manufacturing-engineer-at-stanley-black-decker-inc-3798380134,2024-01-19 09:45:09.215838+00,t,t,f,Manufacturing Engineer,"Stanley Black & Decker, Inc.","New Britain, CT",2024-01-12,New Britain,United States,Aeronautical-Design Engineer,Associate,Onsite
https://uk.linkedin.com/jobs/view/first-class-english-graduate-ribbons-and-reeves-at-guardian-jobs-3802581402,2024-01-19 09:45:09.215838+00,t,t,f,"First Class English Graduate, RIBBONS AND REEVES",Guardian Jobs,"Islington, England, United Kingdom",2024-01-13,Greater London,United Kingdom,Graduate Assistant,Mid senior,Onsite
https://www.linkedin.com/jobs/view/food-service-associate-part-time-at-quickchek-corporation-3785880485,2024-01-19 09:45:09.215838+00,t,t,f,Food Service Associate - Part Time,QuickChek Corporation,"Denville, NJ",2024-01-12,Bound Brook,United States,Baker Apprentice,Mid senior,Onsite
https://www.linkedin.com/jobs/view/community-services-case-manager-at-human-resources-agency-of-new-britain-inc-3789211659,2024-01-19 21:04:06.211678+00,t,t,f,Community Services Case Manager,"Human Resources Agency of New Britain, Inc.","New Britain, CT",2024-01-14,New Britain,United States,Supervisor Telephone Information,Mid senior,Onsite
https://www.linkedin.com/jobs/view/general-cardiologist-needed-in-ohio-invasive-or-non-invasive-at-kettering-health-s-main-campus%21-at-practicelink-3778330315,2024-01-20 13:57:31.391239+00,t,t,f,General Cardiologist Needed in Ohio (Invasive or Non-Invasive) at Kettering Health's Main Campus!,PracticeLink,"Kettering, OH",2024-01-15,Bath,United States,Cardiologist,Mid senior,Onsite
https://www.linkedin.com/jobs/view/senior-social-worker-geripact-edrp-approved-at-u-s-department-of-veterans-affairs-3777183936,2024-01-20 10:05:21.20211+00,t,t,f,Senior Social Worker (GeriPACT) - EDRP Approved,U.S. Department of Veterans Affairs,"McAllen, TX",2024-01-14,Alton,United States,Counselor,Mid senior,Onsite
https://au.linkedin.com/jobs/view/assistant-manager-ipswich-region-at-hungry-jack-s%C2%AE-pty-ltd-3718918036,2024-01-21 01:36:55.391404+00,t,t,f,Assistant Manager - Ipswich Region,Hungry Jack's® Pty Ltd,"West Ipswich, Queensland, Australia",2024-01-16,Redcliffe,Australia,Secretary Of Police,Mid senior,Onsite
https://www.linkedin.com/jobs/view/tax-and-joint-venture-attorney-at-ascension-global-staffing-and-executive-search-3798933332,2024-01-19 09:45:09.215838+00,f,f,f,Tax and Joint Venture Attorney,Ascension Global Staffing and Executive Search,"San Diego, CA",2024-01-17,Chula Vista,United States,Tax Attorney,Mid senior,Onsite
https://www.linkedin.com/jobs/view/behavior-consultant-at-chimes-3785613641,2024-01-19 12:46:19.636448+00,t,t,f,Behavior Consultant,Chimes,"Reading, PA",2024-01-14,Rogers,United States,Consultant Education,Mid senior,Onsite
https://www.linkedin.com/jobs/view/assistant-salon-manager-sahuarita-palms-at-jobs-for-humanity-3790651230,2024-01-21 01:14:43.823314+00,t,t,f,Assistant Salon Manager - Sahuarita Palms,Jobs for Humanity,"Green Valley, AZ",2024-01-14,Vail,United States,Barber,Mid senior,Onsite
https://www.linkedin.com/jobs/view/assistant-salon-manager-miller-center-at-jobs-for-humanity-3789954940,2024-01-19 09:45:09.215838+00,f,f,f,Assistant Salon Manager - Miller Center,Jobs for Humanity,"McHenry, IL",2024-01-16,Elgin,United States,Miller Supervisor,Mid senior,Onsite
https://www.linkedin.com/jobs/view/maintenance-supervisor-at-hoover-treated-wood-products-inc-3781368437,2024-01-19 09:45:09.215838+00,t,t,f,Maintenance Supervisor,"Hoover Treated Wood Products, Inc.","Winston, OR",2024-01-13,Oregon,United States,Electrical Supervisor,Mid senior,Onsite
https://www.linkedin.com/jobs/view/assistant-store-manager-50-at-jobs-for-humanity-3786651342,2024-01-19 09:45:09.215838+00,t,t,f,Assistant Store Manager (50),Jobs for Humanity,"Abingdon, MD",2024-01-13,Aberdeen,United States,Manager Customer Service,Mid senior,Onsite
https://www.linkedin.com/jobs/view/coca-cola-account-executive-relief-quarterly-bonus-potential-at-abarta-coca-cola-beverages-llc-3801808844,2024-01-19 09:45:09.215838+00,t,t,f,Coca-Cola Account Executive Relief - Quarterly Bonus Potential,"ABARTA Coca-Cola Beverages, LLC","Fleetwood, PA",2024-01-12,Exeter,United States,Account Executive,Mid senior,Onsite
https://uk.linkedin.com/jobs/view/chef-at-compass-group-uk-ireland-3804603433,2024-01-20 10:26:30.855594+00,t,t,f,Chef,Compass Group UK & Ireland,"Plymouth, England, United Kingdom",2024-01-14,Plymouth,United Kingdom,Chef,Mid senior,Onsite
https://uk.linkedin.com/jobs/view/health-and-safety-manager-at-bluebook-partners-ltd-3799021803,2024-01-19 13:12:23.656448+00,t,t,f,Health And Safety Manager,Bluebook Partners LTD,"London Area, United Kingdom",2024-01-14,Slough,United Kingdom,Safety Engineer,Mid senior,Onsite
https://www.linkedin.com/jobs/view/shift-leader-at-bruegger-s-bagels-3794090979,2024-01-19 09:45:09.215838+00,t,t,f,shift leader,Bruegger's Bagels,"Fairport, NY",2024-01-13,Williamson,United States,Driver,Mid senior,Onsite
https://www.linkedin.com/jobs/view/shift-manager-at-mcdonald-s-3728122942,2024-01-19 09:45:09.215838+00,t,t,f,Shift Manager,McDonald's,"Fargo, ND",2024-01-13,Moorhead,United States,Manager Benefits,Mid senior,Onsite
https://ca.linkedin.com/jobs/view/scheduler-construction-at-christian-duplessis-hr-3801958897,2024-01-21 02:31:37.351099+00,t,t,f,Scheduler Construction,Christian Duplessis HR,"Vaughan, Ontario, Canada",2024-01-14,Sarnia-Clearwater,Canada,Scheduler,Mid senior,Onsite
https://www.linkedin.com/jobs/view/restaurant-manager-928-s-7th-st-waco-tx-unit-%23-140-at-whataburger-3766936104,2024-01-19 17:53:59.960848+00,t,t,f,"Restaurant Manager - 928 S 7th St (Waco, TX) - Unit # 140",Whataburger,"Waco, TX",2024-01-14,Waco,United States,Bakery Supervisor,Mid senior,Onsite
https://www.linkedin.com/jobs/view/inspector-sr-operator-at-general-dynamics-ordnance-and-tactical-systems-3797070819,2024-01-19 09:45:09.215838+00,t,t,f,Inspector Sr Operator,General Dynamics Ordnance and Tactical Systems,"Mesquite, TX",2024-01-13,Garland,United States,Finishing Inspector,Mid senior,Onsite
https://www.linkedin.com/jobs/view/surgical-technologist-surgery-%248k-sign-on-ft-bhmc-at-broward-health-3780559343,2024-01-20 06:55:49.438009+00,t,t,f,Surgical Technologist-Surgery-$8K Sign-On-FT  BHMC,Broward Health,"Fort Lauderdale, FL",2024-01-14,Pompano Beach,United States,Surgical Technician,Mid senior,Onsite
https://www.linkedin.com/jobs/view/lead-sales-associate-ft-at-dollar-general-3580086210,2024-01-19 09:45:09.215838+00,t,t,f,LEAD SALES ASSOCIATE-FT,Dollar General,"Pflugerville, TX",2024-01-12,Austin,United States,Circulation-Sales Representative,Mid senior,Onsite
https://au.linkedin.com/jobs/view/senior-engineer-at-wesfarmers-onedigital-3781951486,2024-01-21 01:41:41.776009+00,t,t,f,Senior Engineer,Wesfarmers OneDigital,"Melbourne, Victoria, Australia",2024-01-14,Victoria,Australia,Value Engineer,Mid senior,Onsite
https://www.linkedin.com/jobs/view/community-leader-heritage-gardens-at-home-leasing-3733267763,2024-01-21 00:21:11.61267+00,t,t,f,Community Leader- Heritage Gardens,Home Leasing,"Rochester, NY",2024-01-14,Williamson,United States,Supervisor Files,Mid senior,Onsite
https://uk.linkedin.com/jobs/view/customer-consultant-at-the-body-shop-3804358974,2024-01-19 09:45:09.215838+00,t,t,f,Customer Consultant,The Body Shop,"Little London, England, United Kingdom",2024-01-13,Brighton and Hove,United Kingdom,Host/Hostess,Mid senior,Onsite
https://ca.linkedin.com/jobs/view/officer-inventory-management-at-via-rail-canada-3800431990,2024-01-19 19:01:08.782044+00,t,t,f,"Officer, Inventory Management",VIA Rail Canada,"Montreal, Quebec, Canada",2024-01-15,Chambly,Canada,Budget Officer,Mid senior,Onsite
https://www.linkedin.com/jobs/view/ct-technologist-at-chi-3748509948,2024-01-19 14:42:53.601692+00,t,t,f,CT Technologist,CHI,"Lincoln, NE",2024-01-14,Lincoln,United States,Nuclear Medicine Technologist,Mid senior,Onsite
https://www.linkedin.com/jobs/view/chaplain-at-intermountain-health-3780812290,2024-01-20 14:22:34.728362+00,t,t,f,Chaplain,Intermountain Health,"Salt Lake City, UT",2024-01-15,Bountiful,United States,Clergy Member,Mid senior,Onsite
https://www.linkedin.com/jobs/view/travel-occupational-therapist-%241-882-per-week-at-skyline-med-staff-llc-3801826850,2024-01-21 02:25:52.396716+00,t,t,f,"Travel Occupational Therapist - $1,882 per week","Skyline Med Staff, LLC","Bassett, VA",2024-01-14,Virginia,United States,Occupational Therapy Assistant,Mid senior,Onsite
https://www.linkedin.com/jobs/view/physician-family-medicine-water-tower-at-practicelink-3787666766,2024-01-20 08:43:39.795341+00,t,t,f,Physician - Family Medicine- Water Tower,PracticeLink,"Arnold, MO",2024-01-14,Cahokia,United States,Pathologist,Mid senior,Onsite
https://ca.linkedin.com/jobs/view/coordonnatrice-de-bureau-3-jours-semaine-vl-at-totem-talent-recruiter-3764656905,2024-01-19 09:45:09.215838+00,t,t,f,Coordonnatrice de bureau 3 jours/semaine (VL),TOTEM talent recruiter,"Montreal, Quebec, Canada",2024-01-13,Côte-Saint-Luc,Canada,Election Clerk,Mid senior,Onsite
https://www.linkedin.com/jobs/view/senior-manufacturing-engineer-at-espo-corporation-3762474815,2024-01-19 09:45:09.215838+00,t,t,f,Senior Manufacturing Engineer,ESPO Corporation,"Chicago Heights, IL",2024-01-12,Homer,United States,Aeronautical-Design Engineer,Mid senior,Onsite
https://www.linkedin.com/jobs/view/2d-electrical-engineer-at-segula-technologies-3735099869,2024-01-19 09:45:09.215838+00,t,t,f,2D Electrical Engineer,SEGULA Technologies,"Auburn Hills, MI",2024-01-12,Oak Park,United States,Civil Engineer,Associate,Onsite
https://ca.linkedin.com/jobs/view/store-manager-fairview-mall-at-saje-natural-wellness-3742873353,2024-01-19 09:45:09.215838+00,t,t,f,"Store Manager, Fairview Mall",Saje Natural Wellness,"Toronto, Ontario, Canada",2024-01-12,Etobicoke,Canada,Bakery Supervisor,Mid senior,Onsite
https://uk.linkedin.com/jobs/view/material-planner-at-raytheon-3786724130,2024-01-21 01:16:00.082994+00,t,t,f,Material Planner,Raytheon,"Livingston, Scotland, United Kingdom",2024-01-14,Edinburgh,United Kingdom,Scheduler,Mid senior,Onsite
https://www.linkedin.com/jobs/view/customer-service-representative-at-pls-financial-services-inc-3791530852,2024-01-20 17:13:30.825158+00,t,t,f,Customer Service Representative,"PLS Financial Services, Inc.","Calumet Park, IL",2024-01-14,Hobart,United States,Supervisor Customer Services,Mid senior,Onsite
https://www.linkedin.com/jobs/view/tire-service-advisor-at-dealer-tire-3774222877,2024-01-19 09:45:09.215838+00,t,t,f,Tire Service Advisor,Dealer Tire,"Torrance, CA",2024-01-12,Malibu,United States,Car Inspector,Mid senior,Onsite
https://uk.linkedin.com/jobs/view/production-operatives-at-proactive-global-3782000379,2024-01-19 09:45:09.215838+00,t,t,f,Production Operatives,Proactive Global,"Egham, England, United Kingdom",2024-01-13,Slough,United Kingdom,Production Helper,Mid senior,Onsite
https://www.linkedin.com/jobs/view/rn-lpn-poc-clinical-system-information-specialist-at-white-county-at-health-ecareers-3805969174,2024-01-21 03:48:29.004532+00,t,t,f,RN/LPN - POC Clinical System Information Specialist at White County,Health eCareers,"Searcy, AR",2024-01-16,Arkansas,United States,Perfusionist,Mid senior,Onsite
https://www.linkedin.com/jobs/view/revenue-auditor-at-jamul-casino-3763881623,2024-01-19 09:45:09.215838+00,t,t,f,REVENUE AUDITOR,Jamul Casino,"Jamul, CA",2024-01-12,San Diego,United States,Audit Clerk,Mid senior,Onsite
https://www.linkedin.com/jobs/view/assistant-nurse-manager-intensive-care-unit-%2420000-bonus-ft-7am-7-30pm-at-baptist-health-3730036856,2024-01-19 09:45:09.215838+00,t,t,f,"Assistant Nurse Manager, Intensive Care Unit, $20000 Bonus, FT, 7AM-7:30PM",Baptist Health,"Miami, FL",2024-01-13,Highland Park,United States,Nurse Assistant,Mid senior,Onsite
https://uk.linkedin.com/jobs/view/small-animal-vet-j189302-at-prospect-health-3797523432,2024-01-20 04:12:15.475031+00,t,t,f,Small Animal Vet J189302,Prospect Health,"Leeds, England, United Kingdom",2024-01-13,York,United Kingdom,Receptionist,Mid senior,Onsite
https://www.linkedin.com/jobs/view/tool-die-designer-at-avimoe-workforce-consultants-workforce-optimization-search-consultants-3799864196,2024-01-19 09:45:09.215838+00,t,t,f,Tool & Die Designer,Avimoe | Workforce Consultants | Workforce Optimization | Search Consultants,"Blaine, MN",2024-01-12,Minneapolis,United States,Art Director,Associate,Onsite
https://www.linkedin.com/jobs/view/non-profit-audit-manager-at-kerberrose-3778323802,2024-01-20 00:33:38.514929+00,t,t,f,Non-Profit Audit Manager,KerberRose,"Plover, WI",2024-01-14,Stevens Point,United States,Auditor,Mid senior,Onsite
https://www.linkedin.com/jobs/view/licensed-mental-health-counselor-lmft-lpcc-lcsw-at-gotham-enterprises-ltd-3802076138,2024-01-21 06:48:05.564368+00,t,t,f,"LICENSED MENTAL HEALTH COUNSELOR (LMFT, LPCC, LCSW)",Gotham Enterprises Ltd,"Sacramento, CA",2024-01-15,Roseville,United States,Counselor Nurses Association,Mid senior,Onsite
https://www.linkedin.com/jobs/view/public-sector-enterprise-account-executive-at-meltwater-3803381936,2024-01-19 09:45:09.215838+00,t,t,f,Public Sector Enterprise Account Executive,Meltwater,"Atlanta, GA",2024-01-12,Georgia,United States,Account Executive,Mid senior,Remote
https://www.linkedin.com/jobs/view/conductor-entrega-a-domicilio-mt-at-autozone-3727832734,2024-01-20 00:31:47.52697+00,t,t,f,Conductor:Entrega a Domicilio - MT,AutoZone,"Arlington, WA",2024-01-15,Arlington Heights,United States,Conductor,Mid senior,Onsite
https://www.linkedin.com/jobs/view/haitian-creole-speaking-employment-case-manager-at-church-world-service-3750192294,2024-01-20 14:21:15.181077+00,t,t,f,Haitian Creole Speaking Employment Case Manager,Church World Service,"Jersey City, NJ",2024-01-15,New Jersey,United States,Director Of Religious Activities,Mid senior,Onsite
https://www.linkedin.com/jobs/view/correctional-senior-food-service-worker-banning-and-indio-at-county-of-riverside-3796450859,2024-01-19 09:45:09.215838+00,t,t,f,Correctional Senior Food Service Worker - Banning and Indio,County of Riverside,"Riverside County, CA",2024-01-12,Pomona,United States,Baker Helper,Mid senior,Onsite
https://www.linkedin.com/jobs/view/cashier-at-popeyes-3787312612,2024-01-19 09:45:09.215838+00,t,t,f,Cashier,popeyes,"Merchantville, NJ",2024-01-12,Norristown,United States,Car Hop,Associate,Onsite
https://www.linkedin.com/jobs/view/registered-nurse-the-villages-or-per-diem-10-hour-days-at-uf-health-central-florida-3645675785,2024-01-21 04:37:04.926591+00,t,t,f,Registered Nurse--The Villages--OR--Per Diem 10-hour Days,UF Health Central Florida,"The Villages, FL",2024-01-14,Ocala,United States,Manager Education And Training,Mid senior,Onsite
https://www.linkedin.com/jobs/view/front-office-supervisor-at-embassy-suites-by-hilton-minneapolis-airport-3800702031,2024-01-20 06:18:29.671117+00,t,t,f,Front Office Supervisor,Embassy Suites by Hilton Minneapolis Airport,"Bloomington, MN",2024-01-14,Hastings,United States,Telephone Operator,Mid senior,Onsite
https://www.linkedin.com/jobs/view/senior-machine-maintenance-technician-at-relativity-space-3797238269,2024-01-21 02:12:44.713541+00,t,t,f,Senior Machine Maintenance Technician,Relativity Space,"Long Beach, CA",2024-01-14,Compton,United States,Solutions Operator,Mid senior,Onsite
https://www.linkedin.com/jobs/view/senior-process-automation-engineer-at-core-group-resources-3672558485,2024-01-19 22:49:52.678632+00,t,t,f,Senior Process Automation Engineer,Core Group Resources,"Safford, AZ",2024-01-16,Arizona,United States,Production Engineer Track,Mid senior,Onsite
https://www.linkedin.com/jobs/view/lead-sales-associate-pt-at-dollar-general-3580094044,2024-01-19 13:35:43.881389+00,t,t,f,LEAD SALES ASSOCIATE-PT,Dollar General,"Poughkeepsie, NY",2024-01-14,Beacon,United States,Sales Representative Food Products,Mid senior,Onsite
https://www.linkedin.com/jobs/view/land-n-sea-warehouse-shipping-lead-at-brunswick-corporation-3763553915,2024-01-19 09:45:09.215838+00,f,f,f,Land N Sea - Warehouse Shipping Lead,Brunswick Corporation,"Norfolk, VA",2024-01-16,Suffolk,United States,Packer,Mid senior,Onsite
https://www.linkedin.com/jobs/view/medication-technician-part-time-hiring-immediately%21-at-oakmont-senior-living-3803819072,2024-01-19 09:45:09.215838+00,t,t,f,Medication Technician-Part Time-Hiring Immediately!,Oakmont Senior Living,"San Diego, CA",2024-01-12,San Diego,United States,Certified Medication Technician,Mid senior,Onsite
https://www.linkedin.com/jobs/view/travel-rn-long-term-care-at-synergy-medical-staffing-3805745081,2024-01-19 17:51:38.036911+00,t,t,f,Travel RN - Long Term Care,SYNERGY MEDICAL STAFFING,"King of Prussia, PA",2024-01-14,Northampton,United States,Nurse Infection Control,Mid senior,Onsite
https://www.linkedin.com/jobs/view/electrical-senior-superintendent-at-hypower-3801732853,2024-01-19 09:45:09.215838+00,t,t,f,Electrical - Senior Superintendent,Hypower,Miami-Fort Lauderdale Area,2024-01-13,Highland Park,United States,Electrical Inspector,Mid senior,Onsite
https://www.linkedin.com/jobs/view/financial-analyst-at-nbcuniversal-3776473991,2024-01-19 09:45:09.215838+00,t,t,f,Financial Analyst,NBCUniversal,"Washington, DC",2024-01-13,Alexandria,United States,Economist,Associate,Onsite
https://www.linkedin.com/jobs/view/program-analyst-pittsburgh-pa-at-vetjobs-3790466499,2024-01-19 09:45:09.215838+00,t,t,f,"Program Analyst - Pittsburgh, PA",VetJobs,"Pittsburgh, PA",2024-01-13,Monroeville,United States,Job Analyst,Mid senior,Onsite
https://www.linkedin.com/jobs/view/systems-engineer-iam-at-cloudflare-3804746662,2024-01-19 09:45:09.215838+00,t,t,f,Systems Engineer - IAM,Cloudflare,"Denver, CO",2024-01-13,Aurora,United States,Computer Operator,Associate,Onsite
https://www.linkedin.com/jobs/view/rn-case-manager-home-health-full-time-at-centerwell-at-health-ecareers-3805956973,2024-01-19 09:45:09.215838+00,t,t,f,"RN Case Manager, Home Health Full Time at Centerwell",Health eCareers,"Chattanooga, TN",2024-01-13,Chattanooga,United States,Physician Occupational,Mid senior,Onsite
https://au.linkedin.com/jobs/view/registrar-%E2%80%93-locum-qld-%E2%80%93-mount-isa-at-starling-services-3803126089,2024-01-20 13:45:00.056191+00,t,t,f,Registrar – LOCUM || QLD – Mount Isa,Starling Services,"Mount Isa, Queensland, Australia",2024-01-16,Queensland,Australia,Registrar,Mid senior,Onsite
https://www.linkedin.com/jobs/view/sous-chef-full-time-harrah-s-gulf-coast-at-caesars-entertainment-inc-3615177486,2024-01-21 02:57:02.572705+00,t,t,f,Sous Chef - Full Time - Harrah's Gulf Coast,"Caesars Entertainment, Inc.","Biloxi, MS",2024-01-14,Magnolia,United States,Sous Chef,Mid senior,Onsite
https://www.linkedin.com/jobs/view/23-24-substitute-food-services-at-trulyhired-3802050660,2024-01-20 12:09:03.732695+00,t,t,f,23-24- Substitute Food Services,TrulyHired,"Lacey, WA",2024-01-15,Centralia,United States,Cook Fast Food,Mid senior,Onsite
https://uk.linkedin.com/jobs/view/early-years-educator-level-2-at-the-midcounties-co-operative-3801115054,2024-01-19 09:45:09.215838+00,t,t,f,Early Years Educator Level 2,The Midcounties Co-operative,"Peacehaven, England, United Kingdom",2024-01-13,Brighton and Hove,United Kingdom,Dancer,Mid senior,Onsite
https://www.linkedin.com/jobs/view/associate-manager-value-stream-at-steris-3799974342,2024-01-21 02:57:44.43039+00,t,t,f,"Associate Manager, Value Stream",STERIS,"St Louis, MO",2024-01-16,Ferguson,United States,Manager Regulated Program,Mid senior,Onsite
https://www.linkedin.com/jobs/view/supervisor-cattle-department-at-five-rivers-cattle-feeding-3710630593,2024-01-19 09:45:09.215838+00,t,t,f,Supervisor Cattle Department,Five Rivers Cattle Feeding,"Colorado, United States",2024-01-13,Florissant,United States,Driver,Mid senior,Onsite
https://www.linkedin.com/jobs/view/medical-technologist-evening-at-ochsner-health-3777104552,2024-01-20 03:06:45.172118+00,t,t,f,Medical Technologist - Evening,Ochsner Health,"Kenner, LA",2024-01-14,New Orleans,United States,Medical-Laboratory Technician,Mid senior,Onsite
https://www.linkedin.com/jobs/view/lead-sales-associate-pt-at-dollar-general-3580096800,2024-01-21 16:00:04.200067+00,t,t,f,LEAD SALES ASSOCIATE-PT,Dollar General,"East Bernard, TX",2024-01-14,San Felipe,United States,Sales Attendant,Mid senior,Onsite
https://www.linkedin.com/jobs/view/irrigation-manager-at-down-to-earth-landscape-irrigation-3786381995,2024-01-19 18:47:22.62176+00,t,t,f,Irrigation Manager,Down To Earth Landscape & Irrigation,"Naples, FL",2024-01-14,Naples,United States,Garde Manger,Mid senior,Onsite
https://www.linkedin.com/jobs/view/nurse-practitioner-physician-assistant-full-time-apopka-at-carespot-urgent-care-3738586858,2024-01-19 09:45:09.215838+00,t,t,f,Nurse Practitioner/Physician Assistant- Full-Time- Apopka,CareSpot Urgent Care,"Apopka, FL",2024-01-13,Avondale,United States,Physician Assistant,Mid senior,Onsite
https://www.linkedin.com/jobs/view/senior-manager-engineering-at-l3harris-technologies-3799648171,2024-01-19 09:45:09.215838+00,t,t,f,"Senior Manager, Engineering",L3Harris Technologies,"Huntsville, AL",2024-01-13,Alabama,United States,Director Technical,Mid senior,Onsite
https://www.linkedin.com/jobs/view/rn-nursing-manager-behavioral-health-drug-detox-at-saint-clare-s-health-3777328993,2024-01-20 16:16:46.195552+00,t,t,f,RN Nursing Manager - Behavioral Health (Drug Detox),Saint Clare's Health,"Boonton Township, NJ",2024-01-14,Newton,United States,Director Education,Mid senior,Onsite
https://www.linkedin.com/jobs/view/family-nurse-practitioner-at-sea-mar-community-health-centers-3787740178,2024-01-21 00:08:56.245201+00,t,t,f,Family Nurse Practitioner,Sea Mar Community Health Centers,"Everson, WA",2024-01-14,Langley,Canada,Director School Of Nursing,Mid senior,Onsite
https://www.linkedin.com/jobs/view/hourly-supervisor-and-training-at-walmart-3684046102,2024-01-21 08:20:28.691913+00,t,t,f,Hourly Supervisor and Training,Walmart,"Teterboro, NJ",2024-01-14,Ossining,United States,Supervisor Area,Mid senior,Onsite
https://uk.linkedin.com/jobs/view/fp-amp-amp-a-analyst-at-randstad-delivery-3803232017,2024-01-19 20:33:10.968804+00,t,t,f,FP&amp;amp;A Analyst,Randstad Delivery,"Maidenhead, England, United Kingdom",2024-01-16,Slough,United Kingdom,Seed Analyst,Mid senior,Onsite
https://www.linkedin.com/jobs/view/to-go-specialist-at-olive-garden-3646773278,2024-01-21 17:14:55.944246+00,t,t,f,To Go Specialist,Olive Garden,"Eugene, OR",2024-01-14,Elmira,United States,Survival Specialist,Mid senior,Onsite
https://www.linkedin.com/jobs/view/military-analyst-sme-at-ost-inc-3804605363,2024-01-20 10:37:32.519245+00,t,t,f,Military Analyst SME,"OST, Inc.","Orlando, FL",2024-01-14,Hollywood,United States,Special Effects Specialist,Mid senior,Onsite
https://www.linkedin.com/jobs/view/litigation-defense-attorney-at-lhh-3786742310,2024-01-19 09:45:09.215838+00,t,t,f,Litigation Defense Attorney,LHH,"Philadelphia, PA",2024-01-13,Norristown,United States,Lawyer,Associate,Onsite
https://www.linkedin.com/jobs/view/internist-at-gotham-enterprises-ltd-3791145201,2024-01-19 09:45:09.215838+00,t,t,f,Internist,Gotham Enterprises Ltd,"Anaheim, CA",2024-01-13,La Habra,United States,Dermatologist,Mid senior,Onsite
https://www.linkedin.com/jobs/view/physician-pediatrics-uh-lake-2-at-university-hospitals-3769319685,2024-01-20 01:31:07.05892+00,t,t,f,"Physician _Pediatrics, UH Lake_2",University Hospitals,"Madison, OH",2024-01-14,Sharon,United States,Instructor,Mid senior,Onsite
https://www.linkedin.com/jobs/view/medical-assistant-faculty-at-san-joaquin-valley-college-3557813421,2024-01-19 09:45:09.215838+00,t,t,f,Medical Assistant Faculty,San Joaquin Valley College,"Fresno, CA",2024-01-12,Selma,United States,Cardiac Monitor Technician,Mid senior,Onsite
https://www.linkedin.com/jobs/view/senior-project-manager-multifamily-construction-at-michael-page-3761433271,2024-01-21 06:10:26.367511+00,t,t,f,Senior Project Manager - Multifamily Construction,Michael Page,"Madison, WI",2024-01-16,Windsor,United States,Supervisor Garage,Mid senior,Onsite
https://www.linkedin.com/jobs/view/long-term-travel-intensive-care-unit-icu-rn-23884405expplat-at-travelnursesource-3798010242,2024-01-19 09:45:09.215838+00,t,t,f,Long Term (Travel) Intensive Care Unit - ICU RN - 23884405EXPPLAT /,TravelNurseSource,"Seattle, WA",2024-01-13,Summit,United States,Nurse Infection Control,Mid senior,Onsite
https://www.linkedin.com/jobs/view/manager-of-financial-reporting-technical-accounting-at-the-middleby-corporation-3802315244,2024-01-19 09:45:09.215838+00,t,f,t,Manager of Financial Reporting & Technical Accounting,The Middleby Corporation,"Elgin, IL",2024-01-16,Oswego,United States,Supervisor Accounts Receivable,Mid senior,Onsite
https://www.linkedin.com/jobs/view/hourly-supervisor-and-training-at-walmart-3684044542,2024-01-19 13:55:44.930815+00,t,t,f,Hourly Supervisor and Training,Walmart,"Suwanee, GA",2024-01-14,Bethlehem,United States,Service Supervisor Ii,Mid senior,Onsite
https://www.linkedin.com/jobs/view/customer-service-representative-hicksgas-urbana-at-dcc-propane-llc-3798751681,2024-01-21 08:01:04.072786+00,t,t,f,"Customer Service Representative - Hicksgas, Urbana","DCC Propane, LLC","Urbana, IL",2024-01-14,Seymour,United States,Claim Examiner,Mid senior,Onsite
https://www.linkedin.com/jobs/view/commercial-litigation-associate-attorney-at-bcg-attorney-search-3676132955,2024-01-20 09:35:44.51533+00,t,t,f,Commercial Litigation Associate Attorney,BCG Attorney Search,"Las Vegas, NV",2024-01-14,Enterprise,United States,Lawyer,Mid senior,Onsite
https://ca.linkedin.com/jobs/view/academic-english-private-tutoring-jobs-renfrew-at-clickjobs-io-3806129624,2024-01-21 15:30:26.508099+00,t,t,f,Academic English Private Tutoring Jobs Renfrew,ClickJobs.io,"Renfrew, Ontario, Canada",2024-01-16,Ontario,Canada,Reader,Mid senior,Onsite
https://www.linkedin.com/jobs/view/insurance-defense-attorney-at-bcg-attorney-search-3618845722,2024-01-21 16:28:18.47471+00,t,t,f,Insurance Defense Attorney,BCG Attorney Search,"Wausau, WI",2024-01-14,Wausau,United States,Insurance Attorney,Mid senior,Onsite
https://www.linkedin.com/jobs/view/case-manager-at-charles-river-recovery-3800505117,2024-01-19 12:56:57.776041+00,t,t,f,Case Manager,Charles River Recovery,"Weston, MA",2024-01-14,Braintree,United States,River,Mid senior,Onsite
https://www.linkedin.com/jobs/view/buyer-at-steward-health-care-3792089382,2024-01-19 20:05:56.574495+00,t,t,f,Buyer,Steward Health Care,"Odessa, TX",2024-01-14,Midland,United States,Buyer,Mid senior,Onsite
https://www.linkedin.com/jobs/view/engage-life-coordinator-at-holiday-by-atria-3798935666,2024-01-19 09:45:09.215838+00,t,t,f,Engage Life Coordinator,Holiday by Atria,"Kittery, ME",2024-01-13,Amesbury,United States,Coach Driver,Mid senior,Onsite
https://www.linkedin.com/jobs/view/store-manager-at-gpm-investments-llc-3800496967,2024-01-19 09:45:09.215838+00,t,t,f,Store Manager,"GPM Investments, LLC","Rudolph, WI",2024-01-13,Wisconsin,United States,Head Coach,Mid senior,Onsite
https://www.linkedin.com/jobs/view/maintenance-supervisor-at-c-h-guenther-son-3699053789,2024-01-19 09:45:09.215838+00,t,t,f,Maintenance Supervisor,C.H. Guenther & Son,"St Paul, MN",2024-01-13,Minneapolis,United States,Electrical Supervisor,Mid senior,Onsite
https://www.linkedin.com/jobs/view/mgr-executive-steward-greater-columbus-convention-center-at-levy-restaurants-3792815452,2024-01-19 14:00:43.37187+00,t,t,f,"MGR, EXECUTIVE STEWARD - GREATER COLUMBUS CONVENTION CENTER",Levy Restaurants,"Columbus, OH",2024-01-14,Columbus,United States,Steward/Stewardess,Mid senior,Onsite
https://www.linkedin.com/jobs/view/emergency-department-rn-at-beth-israel-lahey-health-at-health-ecareers-3806085313,2024-01-20 06:48:09.037594+00,t,t,f,Emergency Department RN at Beth Israel Lahey Health,Health eCareers,"Milton, MA",2024-01-14,Halifax,United States,Safety Manager,Mid senior,Onsite
https://www.linkedin.com/jobs/view/structural-engineer-1743495-at-rightworks-3806072169,2024-01-19 23:08:18.430644+00,t,t,f,Structural Engineer - 1743495,RightWorks,"Raleigh, NC",2024-01-14,Raleigh,United States,Structural Engineer,Associate,Onsite
https://www.linkedin.com/jobs/view/community-health-worker-at-easterseals-morc-3780781087,2024-01-21 00:46:06.464894+00,t,t,f,Community Health Worker,Easterseals MORC,"Pontiac, MI",2024-01-14,Macomb,United States,Extra,Associate,Onsite
https://www.linkedin.com/jobs/view/prisma-cloud-digital-sales-manager-at-palo-alto-networks-3798683335,2024-01-19 20:17:53.672833+00,t,t,f,Prisma Cloud Digital Sales Manager,Palo Alto Networks,"Santa Clara, CA",2024-01-16,Livermore,United States,Supervisor Channel Process,Mid senior,Onsite
https://www.linkedin.com/jobs/view/captain-statue-cruises-at-statue-city-cruises-3792069471,2024-01-19 09:45:09.215838+00,f,f,f,Captain - Statue Cruises,Statue City Cruises,"Jersey City, NJ",2024-01-15,Westfield,United States,Barge Captain,Mid senior,Onsite
https://www.linkedin.com/jobs/view/principle-engineer-rf-wireless-at-clickjobs-io-3802815216,2024-01-19 09:45:09.215838+00,t,t,f,Principle Engineer (RF / Wireless),ClickJobs.io,"Lancashire, DE",2024-01-13,Norristown,United States,Electrical Test Engineer,Mid senior,Onsite
https://uk.linkedin.com/jobs/view/technical-specialist-non-destructive-testing-ref-883370-at-mtc-manufacturing-technology-centre-3700341033,2024-01-20 12:01:53.882974+00,t,t,f,Technical Specialist - Non Destructive Testing (Ref: 883370),MTC - Manufacturing Technology Centre,"Coventry, England, United Kingdom",2024-01-14,Hastings,United Kingdom,Value Engineer,Mid senior,Onsite
https://www.linkedin.com/jobs/view/part-time-supervisor-katy-mills-mall-at-reebok-3777127012,2024-01-21 07:45:33.849514+00,t,t,f,Part-Time Supervisor - Katy Mills Mall,Reebok,"Katy, TX",2024-01-14,San Felipe,United States,Superintendent Sales,Mid senior,Onsite
https://www.linkedin.com/jobs/view/senior-network-engineer-at-stellent-it-3766026278,2024-01-19 09:45:09.215838+00,f,f,f,Senior network Engineer,Stellent IT,"Washington, DC",2024-01-17,Providence,United States,Telecommunicator,Mid senior,Onsite
https://www.linkedin.com/jobs/view/travel-physical-therapist-%242-107-per-week-at-coast-medical-service-3798902819,2024-01-19 09:45:09.215838+00,t,t,f,"Travel Physical Therapist - $2,107 per week",Coast Medical Service,"Belle Fourche, SD",2024-01-12,South Dakota,United States,Acupuncturist,Mid senior,Onsite
https://www.linkedin.com/jobs/view/graduate-enclosure-consultant-diagnostics-at-walter-p-moore-3779371235,2024-01-20 03:52:37.213476+00,t,t,f,Graduate Enclosure Consultant - Diagnostics,Walter P Moore,"Kansas City, MO",2024-01-15,Independence,United States,Air Analyst,Mid senior,Onsite
https://www.linkedin.com/jobs/view/product-engineering-tech-2-at-cnh-industrial-reman-nafta-3798646478,2024-01-19 09:45:09.215838+00,t,t,f,Product Engineering Tech 2,CNH Industrial Reman NAFTA,"Springfield, MO",2024-01-12,Spokane,United States,Change Person,Associate,Onsite
https://uk.linkedin.com/jobs/view/customer-service-advisor-at-setsquare-recruitment-3606778996,2024-01-19 09:45:09.215838+00,t,t,f,Customer Service Advisor,Setsquare Recruitment,"West Yorkshire, England, United Kingdom",2024-01-12,York,United Kingdom,Claim Examiner,Mid senior,Onsite
https://www.linkedin.com/jobs/view/material-handler-at-thyssenkrupp-aerospace-3764709869,2024-01-19 09:45:09.215838+00,t,t,f,Material Handler,thyssenkrupp Aerospace,"Plainfield, IN",2024-01-13,Indiana,United States,Control Operator,Mid senior,Onsite
https://uk.linkedin.com/jobs/view/educational-psychologist-at-sanctuary-personnel-mental-health-3803221047,2024-01-21 05:39:57.776038+00,t,t,f,Educational Psychologist,Sanctuary Personnel - Mental Health,"Great Yarmouth, England, United Kingdom",2024-01-14,Norwich,United Kingdom,Consultant Education,Associate,Onsite
https://www.linkedin.com/jobs/view/business-development-specialist-at-unitrust-financial-group-3801583661,2024-01-19 09:45:09.215838+00,t,t,f,Business Development Specialist,UniTrust Financial Group,"Visalia, CA",2024-01-13,Selma,United States,Job Development Specialist,Mid senior,Onsite
https://www.linkedin.com/jobs/view/account-executive-digital-sales-at-salem-media-group-3798361641,2024-01-19 09:45:09.215838+00,t,t,f,Account Executive Digital Sales,Salem Media Group,"Canby, OR",2024-01-12,Silverton,United States,Account Executive,Mid senior,Onsite
https://www.linkedin.com/jobs/view/corporate-treasury-%E2%80%93-risk-reporting-vice-president-at-jpmorgan-chase-co-3777331551,2024-01-21 00:06:50.484811+00,t,t,f,Corporate Treasury – Risk Reporting - Vice President,JPMorgan Chase & Co.,"Tempe, AZ",2024-01-15,Chandler,United States,Director Of Religious Activities,Mid senior,Onsite
https://www.linkedin.com/jobs/view/lead-specialist-internal-adjustments-bank-by-mail-at-keybank-3803394245,2024-01-19 09:45:09.215838+00,t,t,f,Lead Specialist-Internal Adjustments/Bank by Mail,KeyBank,"Albany, NY",2024-01-13,Cohoes,United States,Credit-Card Clerk,Mid senior,Onsite
https://www.linkedin.com/jobs/view/operating-engineer-at-jll-3787514470,2024-01-19 09:45:09.215838+00,t,t,f,Operating Engineer,JLL,"Armonk, NY",2024-01-13,Eastchester,United States,Operating Engineer,Associate,Onsite
https://www.linkedin.com/jobs/view/nursing-assistant-float-pool-at-u-s-department-of-veterans-affairs-3799812181,2024-01-19 14:33:28.392851+00,t,t,f,Nursing Assistant - Float Pool,U.S. Department of Veterans Affairs,"Fayetteville, NC",2024-01-13,North Carolina,United States,Psychiatric Aide,Mid senior,Onsite
https://www.linkedin.com/jobs/view/part-time-sales-wyomissing-pa-at-rue21-3684820688,2024-01-19 09:45:09.215838+00,t,t,f,"Part Time Sales - Wyomissing, PA",rue21,"Wyomissing, PA",2024-01-13,Exeter,United States,Manager Sales,Associate,Onsite
https://www.linkedin.com/jobs/view/iop-phlebotomy-specialist-at-labcorp-3800735314,2024-01-19 18:07:47.128618+00,t,t,f,IOP Phlebotomy Specialist,Labcorp,"Cumming, GA",2024-01-14,Dahlonega,United States,Phlebotomist,Mid senior,Onsite
https://www.linkedin.com/jobs/view/software-developer-remote-at-assistrx-3686083784,2024-01-19 09:45:09.215838+00,t,t,f,Software Developer ( remote ),AssistRx,"Orlando, FL",2024-01-13,Avondale,United States,Computer Operator,Mid senior,Onsite
https://www.linkedin.com/jobs/view/human-resources-manager-alamo-cement-plant-at-buzzi-unicem-usa-3802405058,2024-01-21 05:33:54.977893+00,t,t,f,Human Resources Manager (Alamo Cement Plant),Buzzi Unicem USA,"San Antonio, TX",2024-01-16,San Antonio,United States,Employee Relations Specialist,Mid senior,Onsite
https://www.linkedin.com/jobs/view/cei-inspector-at-atkinsr%C3%A9alis-3726207424,2024-01-19 09:45:09.215838+00,t,t,f,CEI Inspector,AtkinsRéalis,"Tampa, FL",2024-01-13,Seminole,United States,Inspector,Mid senior,Onsite
https://www.linkedin.com/jobs/view/lead-sales-associate-ft-at-dollar-general-3580087201,2024-01-21 02:58:57.398194+00,t,t,f,LEAD SALES ASSOCIATE-FT,Dollar General,"Strasburg, OH",2024-01-14,Fresno,United States,Check Cashier,Mid senior,Onsite
https://www.linkedin.com/jobs/view/addiction-medicine-physician-pittsfield-ma-at-practicelink-3780227055,2024-01-21 14:22:10.879881+00,t,t,f,"Addiction Medicine Physician: Pittsfield, MA",PracticeLink,"Pittsfield, MA",2024-01-14,Williamstown,United States,Gynecologist,Mid senior,Onsite
https://uk.linkedin.com/jobs/view/senior-mechanical-design-engineer-at-premier-engineering-3801451927,2024-01-19 09:45:09.215838+00,t,t,f,Senior Mechanical Design Engineer,Premier Engineering,"Cambridgeshire, England, United Kingdom",2024-01-12,Peterborough,United Kingdom,Central-Office Equipment Engineer,Mid senior,Onsite
https://www.linkedin.com/jobs/view/proposal-manager-at-spectraforce-3777476140,2024-01-21 03:11:31.117946+00,t,t,f,Proposal Manager,SPECTRAFORCE,"Illinois City, IL",2024-01-14,East Moline,United States,Rate Supervisor,Mid senior,Onsite
https://www.linkedin.com/jobs/view/engage-life-coordinator-at-holiday-by-atria-3798934680,2024-01-19 09:45:09.215838+00,t,t,f,Engage Life Coordinator,Holiday by Atria,"Nashville, TN",2024-01-13,Nashville,United States,Coach Driver,Mid senior,Onsite
https://au.linkedin.com/jobs/view/craft-supervisor-electrical-at-bechtel-corporation-3786120564,2024-01-19 09:45:09.215838+00,t,t,f,Craft Supervisor - Electrical,Bechtel Corporation,"Karratha, Western Australia, Australia",2024-01-13,Redcliffe,Australia,Equipment Cleaner,Mid senior,Onsite
https://www.linkedin.com/jobs/view/operations-manager-at-highline-warren-3800834311,2024-01-19 20:12:48.487515+00,t,t,f,Operations Manager,Highline Warren,"Dallas, TX",2024-01-16,Garland,United States,Guide Plant,Mid senior,Onsite
https://www.linkedin.com/jobs/view/lab-supervisor-at-oneblood-3681159008,2024-01-21 14:52:54.011479+00,t,t,f,Lab Supervisor,OneBlood,"Lakeland, FL",2024-01-14,Lake Wales,United States,Director Technical,Mid senior,Onsite
https://www.linkedin.com/jobs/view/um-manager-at-medreview-inc-3802818295,2024-01-19 09:45:09.215838+00,t,t,f,UM Manager,MedReview Inc.,"New York, NY",2024-01-13,Eastchester,United States,Manager Customer Service,Mid senior,Onsite
https://www.linkedin.com/jobs/view/travel-registered-nurse-med-surg-%242-074-week-at-vital-workforce-solutions-3803861219,2024-01-21 12:42:54.783259+00,t,t,f,"Travel Registered Nurse - Med/Surg - $2,074 / week",Vital Workforce Solutions,"Green Bay, WI",2024-01-14,Green Bay,United States,Christian Science Nurse,Mid senior,Onsite
https://www.linkedin.com/jobs/view/assistant-outlet-operations-manager-at-rooms-to-go-3792427447,2024-01-20 13:48:25.057506+00,t,t,f,Assistant Outlet Operations Manager,Rooms To Go,Atlanta Metropolitan Area,2024-01-14,East Point,United States,Maintenance Supervisor,Mid senior,Onsite
https://www.linkedin.com/jobs/view/licensed-registered-pharmacist-at-changing-technologies-inc-3718985989,2024-01-19 09:45:09.215838+00,t,t,f,Licensed/Registered Pharmacist,"Changing Technologies, Inc.",Utica-Rome Area,2024-01-13,Hamilton,United States,Pharmacist,Mid senior,Onsite
https://www.linkedin.com/jobs/view/physical-medicine-and-rehabilitation-at-gotham-enterprises-ltd-3787269520,2024-01-19 16:19:13.984974+00,t,t,f,Physical Medicine and Rehabilitation,Gotham Enterprises Ltd,"New York, NY",2024-01-14,Manhattan,United States,Coordinator Of Rehabilitation Services,Mid senior,Onsite
https://www.linkedin.com/jobs/view/emergency-medical-services-ems-health-science-instructor-at-sierra-community-college-3783926285,2024-01-19 09:45:09.215838+00,t,t,f,Emergency Medical Services (EMS)/Health Science Instructor,Sierra Community College,"Rocklin, CA",2024-01-13,Roseville,United States,Director Educational Program,Associate,Onsite
https://www.linkedin.com/jobs/view/travel-rn-labor-delivery-at-rad-link-staffing-3740024727,2024-01-20 00:14:47.768064+00,t,t,f,Travel RN - Labor/Delivery,Rad-Link Staffing,"Silver City, NM",2024-01-14,Silver City,United States,Christian Science Nurse,Mid senior,Onsite
https://www.linkedin.com/jobs/view/sous-chef-at-tom-thumb-supermarket-3738849021,2024-01-19 23:07:09.026506+00,t,t,f,Sous Chef,Tom Thumb Supermarket,"Dallas, TX",2024-01-14,Dallas,United States,Sous Chef,Mid senior,Onsite
https://www.linkedin.com/jobs/view/addiction-specialist-at-special-service-for-groups-3791861965,2024-01-20 09:47:04.383712+00,t,t,f,Addiction Specialist,Special Service for Groups,"Los Angeles, CA",2024-01-14,Pasadena,United States,Special Effects Specialist,Mid senior,Onsite
https://www.linkedin.com/jobs/view/construction-superintendent-residential-at-premier-exteriors-llc-3769065183,2024-01-19 12:01:59.921299+00,t,t,f,Construction Superintendent (Residential),Premier Exteriors LLC,"Charleston, SC",2024-01-15,South Carolina,United States,Assistant Construction Superintendent,Mid senior,Onsite
https://www.linkedin.com/jobs/view/surgical-technologist-prn-at-united-surgical-partners-international-inc-3798228197,2024-01-21 01:42:02.390422+00,t,t,f,Surgical Technologist PRN,"United Surgical Partners International, Inc","New Albany, OH",2024-01-14,Genoa,United States,Surgical Technician,Mid senior,Onsite
https://uk.linkedin.com/jobs/view/staff-technical-program-manager-at-ge-aerospace-3733975801,2024-01-19 09:45:09.215838+00,t,t,f,"Staff, Technical Program Manager",GE Aerospace,"Cheltenham, England, United Kingdom",2024-01-13,Worcester,United Kingdom,Program Coordinator,Mid senior,Onsite
https://www.linkedin.com/jobs/view/property-manager-fayetteville-spring-lake-area-at-trademark-residential-3787796595,2024-01-19 09:45:09.215838+00,f,f,f,Property Manager- Fayetteville- Spring Lake Area,TradeMark Residential,"Fayetteville, NC",2024-01-17,Fayetteville,United States,Supervisor Properties,Mid senior,Onsite
https://www.linkedin.com/jobs/view/lpn-medical-associates-%243-000-sign-on-retention-bonus-at-southwestern-vermont-medical-center-3788190472,2024-01-20 04:18:19.568611+00,t,t,f,"LPN, Medical Associates ***$3,000 Sign On/Retention Bonus***",Southwestern Vermont Medical Center,"Bennington, VT",2024-01-14,North Adams,United States,Medical Assistant,Mid senior,Onsite
https://www.linkedin.com/jobs/view/travel-medical-laboratory-scientist-at-cynet-health-3793808321,2024-01-19 09:45:09.215838+00,t,t,f,Travel Medical Laboratory Scientist,Cynet Health,"Silver Spring, MD",2024-01-12,Silver Spring,United States,Biologist,Mid senior,Onsite
https://www.linkedin.com/jobs/view/leasing-consultant-at-bell-partners-inc-3798101474,2024-01-19 09:45:09.215838+00,t,t,f,Leasing Consultant,Bell Partners Inc,"Redmond, WA",2024-01-13,Everett,United States,Consultant Education,Mid senior,Onsite
https://www.linkedin.com/jobs/view/2nd-shift-supervisor-service-operations-at-thompson-machinery-3795920210,2024-01-19 09:45:09.215838+00,t,t,f,2nd Shift Supervisor-Service Operations,Thompson Machinery,"Memphis, TN",2024-01-13,West Memphis,United States,Orderly,Mid senior,Onsite
https://www.linkedin.com/jobs/view/lead-sales-associate-ft-at-dollar-general-3681283680,2024-01-19 09:45:09.215838+00,t,t,f,LEAD SALES ASSOCIATE-FT,Dollar General,"Dayton, OH",2024-01-12,Xenia,United States,Check Cashier,Mid senior,Onsite
https://www.linkedin.com/jobs/view/regional-account-sales-exec-lease-at-plm-fleet-llc-dba-plm-trailer-leasing-3783590117,2024-01-19 09:45:09.215838+00,t,t,f,"Regional Account Sales Exec, Lease",PLM Fleet LLC dba PLM Trailer Leasing,"Kansas, United States",2024-01-12,Great Bend,United States,Account Executive,Mid senior,Remote
https://www.linkedin.com/jobs/view/first-year-tax-professional-at-h-r-block-3748892599,2024-01-20 08:29:34.983967+00,t,t,f,First Year Tax Professional,H&R Block,"Crowley, LA",2024-01-14,Lafayette,United States,Accountant,Mid senior,Onsite
https://uk.linkedin.com/jobs/view/assistant-property-manager-at-career-studio-3804275901,2024-01-20 08:27:15.99872+00,t,t,f,Assistant Property Manager,Career Studio,"Wolverhampton, England, United Kingdom",2024-01-14,Telford,United Kingdom,Property Coordinator,Mid senior,Onsite
https://www.linkedin.com/jobs/view/outpatient-psychiatrist-adult-or-perinatal-abbott-northwestern-hospital-at-practicelink-3757541071,2024-01-21 00:36:56.670965+00,t,t,f,Outpatient Psychiatrist - Adult OR Perinatal - Abbott Northwestern Hospital,PracticeLink,"Minneapolis, MN",2024-01-16,Orono,United States,Psychiatrist,Mid senior,Onsite
https://www.linkedin.com/jobs/view/utility-inspector-ii-at-johnson-mirmiran-thompson-3759814873,2024-01-19 09:45:09.215838+00,f,f,f,Utility Inspector II,"Johnson, Mirmiran & Thompson","Hickman, KY",2024-01-16,Kentucky,United States,Inspector Ii,Mid senior,Onsite
https://www.linkedin.com/jobs/view/arts-enrichment-instructor-i-ii-at-south-suburban-parks-and-recreation-3797039576,2024-01-19 20:34:10.627563+00,t,t,f,Arts & Enrichment Instructor I - II,South Suburban Parks and Recreation,"Centennial, CO",2024-01-14,Aurora,United States,Teacher Drama,Mid senior,Onsite
https://www.linkedin.com/jobs/view/part-time-assistant-manager-at-universidade-de-mogi-das-cruzes-3739077077,2024-01-21 03:35:38.995582+00,t,t,f,Part-Time Assistant Manager,Universidade de Mogi das Cruzes,"McKinney, TX",2024-01-14,McKinney,United States,Clerk General,Mid senior,Onsite
https://www.linkedin.com/jobs/view/senior-developer-team-lead-equities-trading-technology-at-piper-sandler-3410631848,2024-01-21 13:10:53.890859+00,t,t,f,Senior Developer - Team Lead - Equities Trading Technology,Piper Sandler,"New York, NY",2024-01-16,Bayonne,United States,Load-Out Supervisor,Mid senior,Onsite
https://www.linkedin.com/jobs/view/host-hostess-at-red-robin-3798174882,2024-01-19 09:45:09.215838+00,t,t,f,Host / Hostess,Red Robin,"Algonquin, IL",2024-01-13,Rutland,United States,Fountain Server,Mid senior,Onsite
https://www.linkedin.com/jobs/view/it-manager-at-genesis-alkali-3737854442,2024-01-19 09:45:09.215838+00,t,t,f,IT Manager,Genesis Alkali,"Green River, WY",2024-01-13,Wyoming,United States,Manager Employment,Mid senior,Onsite
https://www.linkedin.com/jobs/view/construction-superintendent-cell-infrastructure-at-tesla-3728268006,2024-01-19 19:40:04.848781+00,t,t,f,"Construction Superintendent, Cell Infrastructure",Tesla,"Lathrop, CA",2024-01-15,Lodi,United States,Assistant Construction Superintendent,Mid senior,Onsite
https://www.linkedin.com/jobs/view/manager-in-training-at-hca-healthcare-3783197936,2024-01-21 13:03:20.104813+00,t,t,f,Manager in Training,HCA Healthcare,"Nashville, TN",2024-01-14,Nashville,United States,Supervisor Area,Mid senior,Onsite
https://www.linkedin.com/jobs/view/seasonal-key-holder-at-hot-topic-3649070892,2024-01-20 05:41:16.288502+00,t,t,f,Seasonal Key Holder,Hot Topic,"Morgantown, WV",2024-01-14,Uniontown,United States,Stock Supervisor,Mid senior,Onsite
https://au.linkedin.com/jobs/view/services-manager-at-hickory-3805341786,2024-01-19 09:45:09.215838+00,f,f,f,Services Manager,Hickory,"Laverton North, Victoria, Australia",2024-01-16,Redcliffe,Australia,Property-Assessment Monitor,Mid senior,Onsite
https://www.linkedin.com/jobs/view/travel-nurse-rn-med-surg-telemetry-%242-170-per-week-at-ghr-healthcare-3799397136,2024-01-19 17:43:57.192179+00,t,t,f,"Travel Nurse RN - Med Surg / Telemetry - $2,170 per week",GHR Healthcare,"Scranton, PA",2024-01-14,Honesdale,United States,Recruiter,Mid senior,Onsite
https://www.linkedin.com/jobs/view/senior-buyer-at-micross-components-3590301679,2024-01-21 06:27:43.55104+00,t,t,f,Senior Buyer,Micross Components,"Apopka, FL",2024-01-14,Avondale,United States,Vendor,Mid senior,Onsite
https://www.linkedin.com/jobs/view/investment-consultant-%E2%80%93-radnor-pa-at-charles-schwab-3805094705,2024-01-19 09:45:09.215838+00,f,f,f,"Investment Consultant – Radnor, PA",Charles Schwab,"Radnor, PA",2024-01-16,Pottstown,United States,Investment Analyst,Mid senior,Onsite
https://www.linkedin.com/jobs/view/polysomnographic-technologist-at-university-of-utah-health-3779744035,2024-01-20 09:56:57.952419+00,t,t,f,Polysomnographic Technologist,University of Utah Health,"Salt Lake City, UT",2024-01-14,Utah,United States,Director Educational Program,Mid senior,Onsite
https://www.linkedin.com/jobs/view/clinical-technologist-i-at-fred-hutch-3779910763,2024-01-21 03:57:17.757082+00,t,t,f,Clinical Technologist I,Fred Hutch,"Seattle, WA",2024-01-15,Bellevue,United States,Aquatic Biologist,Mid senior,Onsite
https://www.linkedin.com/jobs/view/family-medicine-physician-evernorth-workplace-care-kissimmee-florida-at-the-cigna-group-at-health-ecareers-3787553473,2024-01-19 09:45:09.215838+00,t,t,f,"Family Medicine Physician - Evernorth Workplace Care (Kissimmee, Florida) at The Cigna Group",Health eCareers,"Orlando, FL",2024-01-13,Avondale,United States,Family Practitioner,Mid senior,Onsite
https://www.linkedin.com/jobs/view/customer-service-representative-at-circle-k-3784982946,2024-01-19 09:45:09.215838+00,t,t,f,Customer Service Representative,Circle K,"North Lauderdale, FL",2024-01-12,Pompano Beach,United States,Car Inspector,Mid senior,Onsite
https://www.linkedin.com/jobs/view/mortgage-loan-officer-with-in-house-agents-and-lead-at-your-way-home-3767300970,2024-01-20 00:48:47.769442+00,t,t,f,Mortgage Loan Officer With In-House Agents and Lead,Your Way Home,"Bakersfield, CA",2024-01-14,Bakersfield,United States,Buyer,Mid senior,Onsite
https://www.linkedin.com/jobs/view/housekeeping-inspector-at-oto-development-3796786053,2024-01-20 04:34:42.274798+00,t,t,f,Housekeeping Inspector,OTO Development,"Panama City Beach, FL",2024-01-14,Panama City,United States,Inspector,Mid senior,Onsite
https://www.linkedin.com/jobs/view/rn-registered-nurse-24090982expplat-at-travelnursesource-3801893051,2024-01-20 00:55:33.092601+00,t,t,f,RN- Registered Nurse - - 24090982EXPPLAT,TravelNurseSource,"Peoria, IL",2024-01-14,Pekin,United States,Nurse-Midwife,Mid senior,Onsite
https://www.linkedin.com/jobs/view/food-service-manager-at-maverik-inc-3794078512,2024-01-19 23:36:31.573691+00,t,t,f,Food Service Manager,"Maverik, Inc.","Las Vegas, NV",2024-01-13,Las Vegas,United States,Protective Officer,Mid senior,Onsite
https://www.linkedin.com/jobs/view/cake-decorator-1-at-fiesta-mart-inc-3792865220,2024-01-20 02:40:26.625872+00,t,t,f,Cake Decorator 1,"Fiesta Mart, Inc.","Houston, TX",2024-01-14,Houston,United States,Baker Apprentice,Mid senior,Onsite
https://www.linkedin.com/jobs/view/senior-business-analyst-fidelity-resume-program-at-reachire-3800143908,2024-01-19 09:45:09.215838+00,t,t,f,Senior Business Analyst - Fidelity Resume Program,reacHIRE,"Merrimack, NH",2024-01-13,Haverhill,United States,Management Analyst,Mid senior,Onsite
https://www.linkedin.com/jobs/view/software-architect-at-neya-systems-3787745002,2024-01-19 09:45:09.215838+00,t,t,f,Software Architect,Neya Systems,"Warrendale, PA",2024-01-13,Monroeville,United States,Interior Designer,Mid senior,Onsite
https://www.linkedin.com/jobs/view/food-beverage-manager-at-troon-3793202119,2024-01-19 13:18:05.951199+00,t,t,f,Food Beverage Manager,Troon,"Edwards, CO",2024-01-14,Colorado,United States,Bar Attendant,Mid senior,Onsite
https://www.linkedin.com/jobs/view/real-estate-agent-for-new-home-sales-at-your-way-home-3605754506,2024-01-19 18:50:10.581013+00,t,t,f,Real Estate Agent for New Home Sales,Your Way Home,"Wilmington, NC",2024-01-14,Wilmington,United States,Sales Agent Insurance,Associate,Onsite
https://www.linkedin.com/jobs/view/retail-front-end-supervisor-at-burlington-stores-inc-3797476170,2024-01-19 09:45:09.215838+00,t,t,f,Retail Front End Supervisor,"Burlington Stores, Inc.","Bonita Springs, FL",2024-01-13,Cape May,United States,Manager Sales,Mid senior,Onsite
https://www.linkedin.com/jobs/view/air-mission-planner-3-at-mission-technologies-a-division-of-hii-3803406647,2024-01-21 05:43:29.48218+00,t,t,f,Air Mission Planner 3,"Mission Technologies, a division of HII","Coronado, CA",2024-01-14,San Diego,United States,Tool Planner,Mid senior,Onsite
https://www.linkedin.com/jobs/view/clinical-instructor-of-radiology-practitioner-at-university-of-southern-california-3625208518,2024-01-20 09:10:21.842849+00,t,t,f,Clinical Instructor of Radiology (Practitioner),University of Southern California,"Los Angeles, CA",2024-01-16,West Covina,United States,Nurse Instructor,Mid senior,Onsite
https://www.linkedin.com/jobs/view/coach-specialist-tosa-teacher-on-special-assignment-in-a-variety-of-content-areas-2024-25-school-year-eligibility-pool-for-internal-applicants-only-%231291-at-mt-diablo-unified-school-district-3790529604,2024-01-19 09:45:09.215838+00,t,t,f,"Coach/Specialist (TOSA-Teacher on Special Assignment), in a Variety of Content Areas, 2024-25 School Year - Eligibility Pool - For INTERNAL Applicants ONLY #1291",Mt. Diablo Unified School District,"Willow Creek, MT",2024-01-12,Montana,United States,Art Therapist,Mid senior,Onsite
https://www.linkedin.com/jobs/view/customer-service-representative-state-farm-agent-team-member-at-state-farm-agent-3780872594,2024-01-19 09:45:09.215838+00,t,t,f,Customer Service Representative - State Farm Agent Team Member,State Farm Agent,"Aurora, CO",2024-01-12,Aurora,United States,Car Inspector,Mid senior,Onsite
https://www.linkedin.com/jobs/view/travel-nurse-rn-tele-telemetry-at-triage-consulting-group-3802216291,2024-01-19 23:54:29.544784+00,t,t,f,Travel Nurse - RN - TELE - Telemetry,Triage Consulting Group,"Lima, OH",2024-01-14,Ada,United States,Rate Supervisor,Mid senior,Onsite
https://uk.linkedin.com/jobs/view/qa-inspector-hp-f-at-energy-jobline-3804980896,2024-01-20 04:57:52.119213+00,t,t,f,QA Inspector (HP&F),Energy Jobline,"Peterborough, England, United Kingdom",2024-01-15,Peterborough,United Kingdom,Assembly Inspector,Mid senior,Onsite
https://uk.linkedin.com/jobs/view/office-manager-at-suffolk-jobs-direct-3774994934,2024-01-19 09:45:09.215838+00,t,t,f,Office Manager,Suffolk Jobs Direct,"Stowmarket, England, United Kingdom",2024-01-12,Ipswich,United Kingdom,Administrative Assistant,Mid senior,Onsite
https://www.linkedin.com/jobs/view/rn-registered-nurse-behavioral-health-24166279expplat-at-travelnursesource-3802880210,2024-01-20 10:59:08.23286+00,t,t,f,RN- Registered Nurse - Behavioral Health - 24166279EXPPLAT /,TravelNurseSource,"Peoria, IL",2024-01-14,Pekin,United States,Nurse-Midwife,Mid senior,Onsite
https://www.linkedin.com/jobs/view/junior-criminal-defense-attorney-at-bcg-attorney-search-3675001240,2024-01-19 09:45:09.215838+00,t,t,f,Junior Criminal Defense Attorney,BCG Attorney Search,"Waukesha, WI",2024-01-13,Wisconsin,United States,Lawyer,Mid senior,Onsite
https://www.linkedin.com/jobs/view/cat-scan-technologist-at-southwest-general-health-center-3789462953,2024-01-20 03:39:49.34072+00,t,t,f,CAT SCAN TECHNOLOGIST,Southwest General Health Center,"Middleburg Heights, OH",2024-01-14,Lorain,United States,Nuclear Medicine Technologist,Mid senior,Onsite
https://uk.linkedin.com/jobs/view/staff-nurse-at-recruitment-panda-ltd-3683454392,2024-01-20 15:38:23.110492+00,t,t,f,Staff Nurse,Recruitment Panda Ltd,"Aylesbury, England, United Kingdom",2024-01-14,Oxford,United Kingdom,Nurse Office,Mid senior,Onsite
https://www.linkedin.com/jobs/view/quality-assurance-manager-at-fisher-hydraulics-3759658917,2024-01-19 09:45:09.215838+00,f,f,f,Quality Assurance Manager,Fisher Hydraulics,"Laurens, IA",2024-01-16,Iowa,United States,Manager Quality Control,Mid senior,Onsite
https://www.linkedin.com/jobs/view/sr-cqv-lead-at-fits-llc-3787743598,2024-01-20 04:14:01.039682+00,t,t,f,Sr. CQV Lead,"FITS, LLC","Houston, TX",2024-01-17,Baytown,United States,Table Hand,Mid senior,Onsite
https://uk.linkedin.com/jobs/view/sheq-advisor-at-cx-group-3767690496,2024-01-19 09:45:09.215838+00,f,f,f,SHEQ Advisor,CX Group,"Hertfordshire, England, United Kingdom",2024-01-16,Chelmsford,United Kingdom,Safety Inspector,Mid senior,Onsite
https://www.linkedin.com/jobs/view/hospital-veterinarian-at-petco-3772241539,2024-01-21 07:04:09.770301+00,t,t,f,Hospital Veterinarian,Petco,"Vancouver, WA",2024-01-14,Bethany,United States,Veterinary Technician,Mid senior,Onsite
https://www.linkedin.com/jobs/view/internal-medicine-geriatrics-physician-%24250-000-yearly-%24400-000-yearly-at-doccafe-3778798859,2024-01-19 09:45:09.215838+00,t,t,f,"Internal Medicine-Geriatrics Physician - $250,000/yearly - $400,000/yearly",DocCafe,"Albany, NY",2024-01-13,Cohoes,United States,Page,Mid senior,Onsite
https://www.linkedin.com/jobs/view/nurse-practitioner-prn-hra-at-northeast-healthcare-recruitment-inc-3805761360,2024-01-20 01:22:53.185265+00,t,t,f,Nurse Practitioner PRN ( HRA ),"Northeast Healthcare Recruitment, Inc.","Frackville, PA",2024-01-14,Bloomsburg,United States,Christian Science Nurse,Mid senior,Onsite
https://www.linkedin.com/jobs/view/head-start-food-service-aide-at-mt-hood-community-college-3786075878,2024-01-19 09:45:09.215838+00,t,t,f,Head Start Food Service Aide,Mt. Hood Community College,"Gresham, OR",2024-01-13,Bethany,United States,Locker-Room Attendant,Mid senior,Onsite
https://www.linkedin.com/jobs/view/medical-technologist-ii-at-st-jude-children-s-research-hospital-3778716721,2024-01-19 09:45:09.215838+00,t,t,f,Medical Technologist II,St. Jude Children's Research Hospital,"Memphis, TN",2024-01-12,West Memphis,United States,Biologist,Mid senior,Onsite
https://www.linkedin.com/jobs/view/senior-software-engineer-at-gliacell-technologies-3787757445,2024-01-21 00:20:51.088901+00,t,t,f,Senior Software Engineer,GliaCell Technologies,"Annapolis Junction, MD",2024-01-15,Crookston,United States,Chief Computer Programmer,Mid senior,Onsite
https://www.linkedin.com/jobs/view/med-psych-hospitalist-opportunity-in-greenville-nc-at-ecu-health-3628895370,2024-01-19 09:45:09.215838+00,t,t,f,"Med-Psych Hospitalist Opportunity in Greenville, NC",ECU Health,"Greenville, NC",2024-01-13,North Carolina,United States,Dermatologist,Associate,Onsite
